,AIR_INTAKE_TEMP,AMBIENT_AIR_TEMP,ENGINE_COOLANT_TEMP,ENGINE_LOAD,EQUIV_RATIO,MAF,SPEED,THROTTLE_POS,FUEL_LEVEL,INTAKE_MANIFOLD_PRESSURE,ENGINE_RPM
1,34.0,4.0,95.0,42.0,1.0,4.73,0.0,21.6,56.1,37.0,807
2,32.0,4.0,94.0,50.6,1.0,11.51,9.0,29.8,56.1,37.0,1559
3,32.0,4.0,93.0,41.2,1.0,10.29,10.0,29.0,56.9,46.0,1692
4,32.0,4.0,91.0,55.7,1.0,7.25,11.0,25.9,56.9,52.0,863
5,32.0,4.0,90.0,69.8,1.0,9.2,8.0,27.5,57.3,66.0,955
6,32.0,4.0,90.0,26.3,1.0,9.39,9.0,29.8,58.0,51.0,777
8,32.0,4.0,89.0,49.4,1.0,16.1,12.0,31.8,60.0,43.0,2106
9,32.0,4.0,89.0,62.4,1.0,9.48,15.0,28.2,60.0,53.0,1080
10,31.0,4.0,89.0,61.2,1.0,12.41,20.0,30.2,60.4,50.0,1384
11,32.0,4.0,89.0,56.5,1.0,14.34,18.0,31.0,60.8,37.0,1727
12,32.0,4.0,89.0,61.2,1.0,8.45,20.0,27.1,60.4,54.0,934
13,32.0,4.0,89.0,63.5,1.0,9.5,23.0,28.2,60.0,49.0,1040
14,31.0,4.0,89.0,57.3,1.0,10.11,28.0,28.6,59.6,48.0,1204
15,31.0,4.0,89.0,54.1,1.0,11.63,33.0,29.8,59.6,20.0,1464
17,33.0,4.0,88.0,21.6,1.0,3.81,34.0,19.2,58.4,20.0,1098
18,32.0,4.0,85.0,38.0,1.0,8.33,31.0,26.7,56.5,31.0,1486
19,32.0,4.0,85.0,36.9,1.0,8.52,32.0,27.1,56.5,27.0,1569
20,32.0,4.0,84.0,30.2,1.0,7.09,32.0,25.5,56.1,28.0,1579
21,32.0,4.0,84.0,31.8,1.0,7.1,32.0,25.5,56.1,28.0,1572
22,32.0,4.0,83.0,32.2,1.0,7.48,32.0,25.9,55.7,29.0,1570
24,32.0,4.0,83.0,32.2,1.0,7.6,35.0,26.3,55.7,28.0,1628
25,32.0,4.0,83.0,22.4,1.0,4.37,36.0,22.0,55.7,20.0,1704
26,33.0,4.0,82.0,20.0,1.0,3.26,37.0,19.2,55.7,19.0,1204
28,33.0,4.0,82.0,18.8,1.0,3.59,36.0,20.4,55.7,20.0,1256
29,33.0,4.0,82.0,20.4,1.0,3.51,34.0,20.0,55.3,20.0,1207
30,33.0,4.0,81.0,22.0,1.0,3.57,32.0,19.2,55.3,35.0,1108
32,32.0,4.0,81.0,50.2,1.0,7.71,33.0,26.7,55.3,44.0,1078
33,32.0,4.0,81.0,49.4,1.0,7.81,32.0,26.7,55.3,33.0,1092
34,33.0,4.0,81.0,18.0,1.0,3.08,28.0,18.4,55.3,21.0,1058
35,34.0,4.0,81.0,23.5,1.0,3.46,24.0,18.8,55.3,33.0,924
36,33.0,4.0,81.0,60.4,1.0,10.3,28.0,29.0,54.9,48.0,1212
37,32.0,4.0,80.0,58.4,1.0,12.06,33.0,30.2,55.3,21.0,1443
38,32.0,4.0,80.0,38.8,1.0,6.32,34.0,24.7,55.3,40.0,1097
40,32.0,4.0,80.0,44.7,1.0,7.18,34.0,25.9,55.3,38.0,1134
41,32.0,4.0,80.0,44.7,1.0,7.12,34.0,25.5,55.3,39.0,1124
43,33.0,4.0,81.0,19.6,1.0,2.77,31.0,18.4,55.3,21.0,1021
44,33.0,4.0,81.0,43.1,1.0,7.39,27.0,26.3,55.3,57.0,1251
45,32.0,4.0,81.0,69.0,1.0,14.05,29.0,31.0,55.7,62.0,1380
46,32.0,4.0,81.0,76.1,1.0,16.44,30.0,32.2,56.5,64.0,1481
47,32.0,4.0,81.0,76.9,1.0,17.29,30.0,32.5,57.6,63.0,1484
49,32.0,4.0,81.0,77.6,1.0,17.64,31.0,32.5,58.8,59.0,1561
50,32.0,4.0,81.0,68.2,1.0,13.69,25.0,29.8,59.2,20.0,1540
51,33.0,4.0,82.0,18.8,1.0,3.25,19.0,18.8,59.2,53.0,1091
52,32.0,4.0,82.0,74.1,1.0,10.73,27.0,29.8,58.8,55.0,980
53,33.0,4.0,82.0,48.6,1.0,8.62,31.0,25.9,58.8,27.0,1414
54,33.0,4.0,82.0,19.6,1.0,3.17,34.0,18.8,58.4,21.0,1060
55,33.0,4.0,82.0,22.7,1.0,3.58,37.0,19.6,58.0,20.0,1156
56,33.0,4.0,82.0,19.2,1.0,3.54,39.0,20.4,57.3,20.0,1245
57,33.0,4.0,82.0,19.2,1.0,3.73,39.0,20.8,56.9,20.0,1321
58,33.0,4.0,82.0,19.2,1.0,3.54,33.0,20.4,56.5,21.0,1260
59,34.0,4.0,82.0,14.1,1.0,2.74,34.0,18.8,56.1,23.0,996
60,34.0,4.0,82.0,26.3,1.0,3.56,33.0,19.2,56.1,24.0,930
61,34.0,4.0,82.0,26.3,1.0,3.37,32.0,19.2,55.7,25.0,901
62,34.0,4.0,82.0,28.2,1.0,3.41,32.0,19.2,55.7,26.0,879
64,35.0,4.0,82.0,27.1,1.0,3.5,32.0,19.2,55.7,24.0,889
65,33.0,4.0,82.0,28.6,1.0,3.0,31.0,19.6,55.7,75.0,796
66,33.0,4.0,82.0,92.5,1.0,14.61,32.0,32.2,56.1,53.0,1071
68,33.0,4.0,82.0,18.0,1.0,3.84,25.0,21.6,56.5,21.0,1514
70,34.0,4.0,82.0,40.8,1.0,4.36,0.0,20.8,55.3,35.0,788
71,34.0,4.0,82.0,36.9,1.0,4.38,0.0,20.4,54.9,34.0,818
72,34.0,4.0,82.0,37.3,1.0,4.07,0.0,20.4,54.5,32.0,814
73,35.0,4.0,82.0,37.3,1.0,4.1,0.0,20.4,54.5,32.0,792
74,35.0,4.0,82.0,36.1,1.0,4.26,0.0,20.4,54.5,33.0,803
76,34.0,4.0,83.0,40.8,1.0,4.66,12.0,21.2,54.5,24.0,797
77,33.0,4.0,83.0,18.8,1.0,4.02,16.0,22.0,54.9,36.0,1062
78,33.0,4.0,83.0,51.4,1.0,10.28,23.0,29.0,54.9,46.0,1356
79,33.0,4.0,83.0,18.8,1.0,3.51,26.0,20.0,55.3,55.0,1227
80,32.0,4.0,83.0,63.5,1.0,12.46,30.0,30.2,55.7,33.0,1342
81,33.0,4.0,83.0,16.1,1.0,3.31,25.0,20.8,56.1,21.0,1401
82,34.0,4.0,83.0,20.4,1.0,2.95,17.0,18.8,55.7,44.0,1109
83,33.0,4.0,84.0,85.1,1.0,11.55,23.0,30.6,55.7,64.0,935
84,32.0,4.0,84.0,74.1,1.0,12.86,27.0,30.6,56.5,58.0,1187
85,32.0,4.0,84.0,68.2,1.0,13.71,29.0,31.0,57.3,55.0,1359
88,32.0,4.0,84.0,64.3,1.0,13.61,30.0,31.0,58.4,40.0,1477
90,33.0,4.0,84.0,36.5,1.0,4.04,29.0,18.4,58.4,24.0,963
91,34.0,4.0,84.0,26.3,1.0,3.16,26.0,18.8,57.6,26.0,899
92,34.0,4.0,84.0,39.6,1.0,4.41,26.0,20.0,57.6,31.0,734
93,33.0,4.0,84.0,36.9,1.0,7.09,30.0,25.5,57.3,30.0,1348
94,33.0,4.0,84.0,33.7,1.0,7.63,33.0,25.9,56.9,17.0,1536
95,33.0,4.0,84.0,18.0,1.0,4.16,30.0,22.0,56.9,20.0,1570
96,33.0,4.0,84.0,18.0,1.0,4.01,27.0,21.2,56.5,21.0,1442
97,33.0,4.0,83.0,19.6,1.0,3.61,23.0,20.4,56.1,20.0,1282
98,33.0,4.0,83.0,20.8,1.0,3.66,20.0,19.2,56.1,30.0,1109
99,33.0,4.0,83.0,37.6,1.0,5.38,20.0,23.1,56.1,34.0,1001
101,33.0,4.0,83.0,45.1,1.0,6.6,9.0,25.9,56.1,29.0,1004
102,34.0,4.0,83.0,38.0,1.0,4.4,0.0,20.4,56.1,36.0,782
104,32.0,4.0,84.0,62.7,1.0,16.79,9.0,32.2,57.3,53.0,1767
105,32.0,4.0,84.0,69.0,1.0,11.82,17.0,30.2,58.0,19.0,1183
106,33.0,4.0,84.0,43.1,1.0,5.52,9.0,24.7,57.6,41.0,831
107,32.0,4.0,84.0,77.6,1.0,14.86,22.0,32.5,55.7,69.0,984
109,32.0,4.0,84.0,62.0,1.0,13.87,32.0,31.0,56.9,35.0,1515
110,32.0,4.0,85.0,80.0,1.0,12.14,35.0,30.6,56.9,56.0,1083
111,32.0,4.0,85.0,64.3,1.0,11.01,36.0,29.4,57.3,49.0,1187
112,32.0,4.0,85.0,51.4,1.0,8.4,34.0,27.1,57.3,18.0,1226
113,32.0,4.0,85.0,41.2,1.0,7.47,34.0,26.3,56.9,40.0,1100
114,32.0,4.0,85.0,45.5,1.0,7.73,36.0,26.3,56.9,38.0,1155
115,32.0,4.0,85.0,45.5,1.0,7.96,37.0,26.7,56.9,20.0,1244
116,32.0,4.0,85.0,37.3,1.0,6.62,38.0,25.1,56.9,31.0,1243
117,32.0,4.0,84.0,15.3,1.0,3.14,38.0,19.6,56.5,35.0,1252
118,32.0,4.0,84.0,39.6,1.0,7.71,40.0,26.3,56.5,26.0,1307
119,32.0,4.0,84.0,18.0,1.0,3.4,37.0,20.4,56.5,19.0,1309
121,33.0,4.0,83.0,36.1,1.0,4.0,31.0,19.2,56.1,19.0,836
122,33.0,4.0,83.0,18.0,1.0,3.5,24.0,20.4,56.1,19.0,1300
123,33.0,4.0,83.0,20.8,1.0,3.42,24.0,19.6,55.7,48.0,1160
124,33.0,4.0,82.0,53.7,1.0,9.93,29.0,28.6,55.7,41.0,1255
125,32.0,4.0,82.0,49.0,1.0,6.59,35.0,25.1,55.3,45.0,929
127,33.0,4.0,83.0,23.9,1.0,1.98,31.0,17.6,55.3,27.0,933
128,32.0,4.0,83.0,47.5,1.0,11.04,34.0,30.6,54.9,53.0,1189
129,32.0,4.0,83.0,62.7,1.0,16.6,41.0,32.2,55.3,53.0,1778
131,33.0,4.0,82.0,21.2,1.0,3.34,39.0,18.8,56.1,39.0,1135
132,33.0,4.0,82.0,45.5,1.0,7.05,38.0,25.9,56.1,22.0,1096
133,33.0,4.0,82.0,18.8,1.0,2.94,37.0,18.8,56.1,30.0,1025
134,32.0,4.0,82.0,46.3,1.0,8.25,36.0,27.1,56.1,38.0,1185
135,32.0,4.0,83.0,46.3,1.0,8.38,36.0,26.7,56.1,39.0,1199
136,32.0,4.0,83.0,40.8,1.0,7.09,35.0,25.5,56.1,18.0,1229
137,33.0,4.0,83.0,20.4,1.0,3.23,32.0,18.8,55.7,31.0,1137
138,33.0,4.0,83.0,19.2,1.0,4.03,29.0,21.6,55.3,28.0,1540
139,32.0,4.0,82.0,40.4,1.0,8.37,31.0,26.7,54.9,34.0,1431
140,32.0,4.0,82.0,41.6,1.0,9.46,32.0,27.8,55.3,23.0,1543
141,32.0,4.0,82.0,41.2,1.0,7.24,34.0,25.9,55.3,51.0,1074
142,32.0,4.0,83.0,47.8,1.0,9.8,42.0,28.2,55.7,27.0,1419
143,32.0,4.0,82.0,17.3,1.0,3.48,39.0,20.4,55.7,21.0,1380
144,32.0,4.0,82.0,19.2,1.0,3.65,35.0,20.0,55.7,34.0,1244
145,32.0,4.0,82.0,44.7,1.0,11.36,36.0,29.0,55.3,29.0,1760
147,32.0,4.0,82.0,32.9,1.0,8.54,36.0,27.5,55.7,29.0,1751
148,32.0,4.0,82.0,19.6,1.0,3.5,34.0,18.8,55.7,36.0,1183
149,32.0,4.0,83.0,39.6,1.0,6.79,35.0,25.1,55.7,35.0,1139
150,32.0,4.0,83.0,41.6,1.0,6.97,36.0,25.5,55.7,35.0,1174
151,32.0,4.0,82.0,40.8,1.0,7.31,37.0,25.9,55.7,35.0,1238
152,34.0,4.0,82.0,36.9,1.0,4.11,0.0,20.4,54.1,33.0,797
153,34.0,4.0,83.0,35.7,1.0,4.21,0.0,20.4,54.1,32.0,807
154,33.0,4.0,83.0,42.0,1.0,6.29,11.0,26.7,54.1,56.0,781
155,32.0,4.0,83.0,14.1,1.0,3.22,19.0,23.1,55.3,57.0,1330
156,31.0,4.0,82.0,69.8,1.0,19.96,27.0,32.5,56.1,55.0,1867
157,31.0,4.0,82.0,60.4,1.0,12.29,32.0,30.2,56.5,47.0,1391
158,31.0,4.0,82.0,53.7,1.0,12.65,35.0,30.2,56.5,43.0,1609
160,31.0,4.0,82.0,55.7,1.0,13.38,34.0,30.6,56.9,50.0,1649
161,31.0,4.0,83.0,59.6,1.0,14.03,31.0,31.0,57.3,54.0,1537
163,31.0,4.0,83.0,62.4,1.0,14.13,31.0,31.0,57.6,49.0,1563
164,31.0,4.0,83.0,57.6,1.0,13.41,33.0,30.6,58.0,45.0,1632
165,31.0,4.0,83.0,54.5,1.0,12.71,32.0,30.6,58.0,46.0,1604
166,31.0,4.0,83.0,54.1,1.0,12.83,33.0,30.2,58.0,43.0,1611
167,31.0,4.0,83.0,50.6,1.0,12.31,35.0,30.2,58.4,24.0,1650
168,31.0,4.0,83.0,21.6,1.0,2.77,33.0,19.2,58.0,41.0,1031
169,31.0,4.0,83.0,47.5,1.0,7.67,33.0,26.3,57.6,28.0,1099
170,32.0,4.0,83.0,19.6,1.0,3.1,30.0,18.8,57.6,21.0,1068
171,33.0,4.0,83.0,24.7,1.0,4.02,22.0,19.6,57.3,20.0,803
172,33.0,4.0,83.0,26.7,1.0,3.3,12.0,19.2,56.5,34.0,847
173,33.0,4.0,83.0,38.4,1.0,4.14,4.0,20.8,55.7,32.0,777
175,33.0,4.0,83.0,36.9,1.0,4.15,0.0,20.4,55.3,32.0,798
176,32.0,4.0,83.0,23.9,1.0,3.5,24.0,19.2,55.3,26.0,1237
177,33.0,4.0,83.0,37.6,1.0,4.08,13.0,20.4,54.9,33.0,789
179,32.0,4.0,83.0,49.8,1.0,8.84,18.0,22.7,54.9,55.0,1640
180,31.0,4.0,83.0,63.9,1.0,10.38,26.0,29.0,54.9,51.0,1109
181,31.0,4.0,83.0,59.6,1.0,11.72,30.0,29.8,55.7,32.0,1346
183,31.0,4.0,83.0,37.6,1.0,8.27,30.0,26.7,56.1,33.0,1501
184,31.0,4.0,83.0,39.2,1.0,9.01,31.0,27.5,56.5,33.0,1539
185,31.0,4.0,83.0,43.1,1.0,9.67,30.0,28.2,56.5,38.0,1526
186,31.0,4.0,83.0,50.2,1.0,10.95,29.0,29.4,56.5,43.0,1469
187,31.0,4.0,83.0,48.6,1.0,10.25,29.0,28.6,56.9,42.0,1451
188,31.0,4.0,83.0,20.8,1.0,3.17,25.0,20.0,56.9,20.0,1424
189,32.0,4.0,83.0,19.2,1.0,3.7,18.0,19.6,56.9,33.0,1209
191,32.0,4.0,83.0,56.1,1.0,9.02,26.0,27.1,55.7,20.0,1207
192,32.0,4.0,83.0,18.0,1.0,3.27,27.0,20.0,55.7,32.0,1253
193,32.0,4.0,83.0,32.5,1.0,6.82,31.0,25.1,55.7,25.0,1373
194,32.0,4.0,83.0,15.3,1.0,4.0,33.0,22.0,55.7,20.0,1570
195,32.0,4.0,83.0,24.7,1.0,3.52,34.0,19.6,55.7,20.0,1125
196,32.0,4.0,83.0,20.8,1.0,3.45,35.0,19.6,55.7,20.0,1162
197,33.0,4.0,82.0,21.2,1.0,3.58,32.0,19.2,55.3,21.0,1113
198,33.0,4.0,82.0,20.0,1.0,3.27,31.0,18.8,55.3,21.0,1067
199,33.0,4.0,82.0,19.6,1.0,3.05,31.0,18.8,55.3,22.0,1040
200,33.0,4.0,82.0,21.6,1.0,3.16,33.0,18.8,54.9,20.0,1058
201,33.0,4.0,82.0,23.1,1.0,3.55,32.0,19.2,54.9,22.0,1086
202,33.0,4.0,82.0,22.4,1.0,3.29,31.0,19.2,54.9,23.0,1081
203,32.0,4.0,82.0,36.5,1.0,8.17,31.0,26.7,54.9,31.0,1527
204,31.0,4.0,82.0,36.9,1.0,8.46,30.0,27.1,54.9,37.0,1538
205,31.0,4.0,82.0,45.1,1.0,9.82,30.0,28.2,55.3,39.0,1484
206,31.0,4.0,82.0,48.2,1.0,10.4,30.0,29.0,55.3,40.0,1479
207,31.0,4.0,82.0,47.1,1.0,10.56,31.0,29.0,55.7,30.0,1518
208,32.0,4.0,82.0,20.4,1.0,1.98,29.0,18.8,55.7,36.0,998
209,32.0,4.0,82.0,41.2,1.0,3.9,26.0,17.6,55.7,25.0,950
210,33.0,4.0,83.0,40.8,1.0,4.26,20.0,19.6,55.7,22.0,771
211,33.0,4.0,83.0,22.4,1.0,3.21,15.0,19.2,55.3,29.0,928
212,33.0,4.0,83.0,37.6,1.0,4.36,11.0,21.6,55.3,34.0,720
213,33.0,4.0,83.0,40.4,1.0,4.69,6.0,20.8,55.3,33.0,789
214,33.0,4.0,83.0,34.5,1.0,3.83,3.0,20.0,54.9,31.0,810
215,33.0,4.0,83.0,38.8,1.0,4.06,1.0,20.4,54.9,33.0,793
216,33.0,4.0,83.0,38.4,1.0,4.3,0.0,20.4,54.9,33.0,798
217,33.0,4.0,83.0,36.9,1.0,4.34,0.0,20.4,54.9,31.0,805
218,33.0,4.0,83.0,36.9,1.0,3.94,0.0,20.4,55.3,31.0,809
219,33.0,4.0,83.0,36.5,1.0,4.27,0.0,20.4,55.3,32.0,801
220,33.0,4.0,83.0,38.0,1.0,4.29,0.0,20.4,55.3,31.0,804
222,33.0,4.0,83.0,37.3,1.0,4.26,0.0,20.4,55.7,31.0,779
223,33.0,4.0,83.0,40.4,1.0,4.31,0.0,20.4,55.7,38.0,786
224,32.0,4.0,84.0,79.6,1.0,7.95,13.0,28.6,55.7,48.0,723
225,31.0,4.0,84.0,55.3,1.0,12.74,23.0,30.6,56.9,56.0,1196
227,31.0,4.0,84.0,66.7,1.0,13.04,31.0,30.6,57.3,52.0,1330
229,31.0,4.0,85.0,51.8,1.0,8.4,33.0,27.1,57.6,43.0,1108
230,31.0,4.0,85.0,51.0,1.0,8.21,33.0,26.7,57.6,44.0,1111
231,31.0,4.0,86.0,50.6,1.0,8.39,34.0,27.1,57.3,45.0,1122
232,31.0,4.0,86.0,54.5,1.0,8.88,34.0,27.5,57.3,45.0,1122
233,31.0,4.0,86.0,52.2,1.0,8.78,35.0,27.5,57.3,45.0,1144
234,31.0,4.0,86.0,51.8,1.0,8.97,37.0,27.5,57.3,44.0,1210
235,31.0,4.0,85.0,49.8,1.0,9.31,39.0,27.8,57.3,43.0,1256
236,31.0,4.0,85.0,51.0,1.0,9.48,39.0,28.2,57.3,42.0,1296
237,31.0,4.0,85.0,50.6,1.0,9.54,36.0,28.2,57.3,37.0,1293
238,31.0,4.0,85.0,46.7,1.0,12.1,34.0,29.8,57.3,45.0,1766
239,31.0,4.0,84.0,53.7,1.0,13.35,32.0,30.6,57.3,46.0,1666
241,30.0,4.0,84.0,55.3,1.0,13.76,37.0,30.6,57.6,43.0,1683
243,31.0,4.0,84.0,47.5,1.0,8.44,38.0,27.1,57.6,39.0,1236
244,31.0,4.0,84.0,47.8,1.0,8.71,38.0,27.5,57.6,41.0,1268
245,31.0,4.0,84.0,45.9,1.0,8.84,39.0,27.5,57.6,20.0,1296
247,31.0,4.0,84.0,44.7,1.0,7.75,37.0,26.3,56.9,38.0,1219
249,31.0,4.0,84.0,52.2,1.0,9.87,40.0,28.6,56.9,21.0,1325
250,32.0,4.0,84.0,18.0,1.0,3.3,37.0,19.2,56.5,21.0,1304
251,31.0,4.0,84.0,20.0,1.0,3.43,36.0,20.0,56.5,35.0,1209
252,31.0,4.0,84.0,38.8,1.0,4.79,38.0,20.0,56.1,31.0,1234
253,31.0,4.0,83.0,27.1,1.0,5.0,38.0,22.4,56.1,19.0,1269
254,31.0,4.0,83.0,18.0,1.0,3.48,39.0,20.4,55.7,25.0,1270
255,31.0,4.0,83.0,28.6,1.0,5.43,38.0,23.1,55.7,33.0,1295
256,31.0,4.0,82.0,38.8,1.0,7.43,36.0,25.5,55.7,35.0,1278
257,31.0,4.0,82.0,59.6,1.0,14.06,34.0,30.6,56.1,46.0,1610
258,31.0,4.0,82.0,48.6,1.0,12.66,37.0,30.2,56.9,19.0,1734
259,31.0,4.0,82.0,20.4,1.0,5.51,38.0,23.5,56.9,18.0,1848
260,31.0,4.0,82.0,17.6,1.0,4.93,36.0,22.7,56.5,19.0,1849
261,31.0,4.0,82.0,18.0,1.0,4.72,34.0,22.4,56.1,18.0,1758
263,31.0,4.0,82.0,27.1,1.0,5.93,32.0,24.3,55.7,23.0,1523
264,31.0,4.0,82.0,26.3,1.0,6.23,32.0,24.3,55.7,23.0,1578
265,31.0,4.0,82.0,25.9,1.0,6.37,33.0,24.7,55.3,23.0,1608
266,31.0,4.0,82.0,26.3,1.0,6.48,33.0,25.1,55.3,25.0,1650
267,31.0,4.0,82.0,17.6,1.0,4.39,29.0,21.6,55.3,19.0,1621
268,31.0,4.0,82.0,18.8,1.0,3.92,24.0,21.2,55.3,21.0,1421
269,32.0,4.0,82.0,21.6,1.0,3.6,15.0,19.6,54.5,37.0,1169
270,32.0,4.0,82.0,38.8,1.0,4.23,10.0,20.4,52.5,47.0,801
272,31.0,4.0,82.0,58.8,1.0,11.41,16.0,29.8,53.7,27.0,1316
273,31.0,4.0,83.0,83.1,1.0,12.97,28.0,31.0,54.5,61.0,1095
274,31.0,4.0,83.0,54.5,1.0,9.12,34.0,27.5,56.9,47.0,1157
277,31.0,4.0,83.0,69.0,1.0,10.39,31.0,29.0,57.3,61.0,1059
278,31.0,4.0,83.0,69.8,1.0,10.47,31.0,29.0,57.3,59.0,1021
279,31.0,4.0,83.0,66.3,1.0,11.08,39.0,29.4,57.3,47.0,1137
280,31.0,4.0,83.0,15.3,1.0,3.03,39.0,20.0,57.3,20.0,1304
281,31.0,4.0,83.0,19.6,1.0,3.62,39.0,20.4,56.9,21.0,1301
282,31.0,4.0,83.0,19.2,1.0,3.52,37.0,20.4,56.5,20.0,1284
283,31.0,4.0,83.0,40.8,1.0,7.34,35.0,25.9,56.5,34.0,1213
284,31.0,4.0,82.0,40.0,1.0,6.73,31.0,25.1,56.1,23.0,1160
285,31.0,4.0,82.0,46.7,1.0,11.02,30.0,29.4,56.1,51.0,1512
286,30.0,4.0,82.0,59.2,1.0,13.38,33.0,30.6,56.1,48.0,1528
287,30.0,4.0,83.0,58.0,1.0,14.29,36.0,31.0,56.5,45.0,1687
288,31.0,4.0,83.0,28.2,1.0,4.82,35.0,21.6,56.9,32.0,1777
289,31.0,4.0,83.0,40.4,1.0,6.72,34.0,25.1,56.5,35.0,1153
290,31.0,4.0,83.0,40.4,1.0,6.45,33.0,24.7,56.5,34.0,1127
291,31.0,4.0,83.0,40.4,1.0,6.42,32.0,24.3,56.1,37.0,1103
294,32.0,4.0,83.0,17.6,1.0,2.76,33.0,18.8,55.7,20.0,1040
295,32.0,4.0,83.0,22.7,1.0,3.71,36.0,19.2,55.3,21.0,1140
296,32.0,4.0,83.0,18.8,1.0,3.37,37.0,20.0,55.3,21.0,1214
297,32.0,4.0,83.0,19.6,1.0,3.57,36.0,20.4,55.3,20.0,1248
298,32.0,4.0,83.0,20.0,1.0,3.49,32.0,20.0,55.3,20.0,1179
300,33.0,4.0,83.0,21.2,1.0,2.89,26.0,18.8,54.9,28.0,936
301,32.0,4.0,83.0,37.3,1.0,4.58,25.0,22.7,54.9,37.0,816
302,31.0,4.0,83.0,42.4,1.0,7.78,28.0,26.3,54.9,34.0,1277
303,31.0,4.0,83.0,40.4,1.0,8.3,32.0,26.7,55.3,33.0,1422
304,31.0,4.0,83.0,36.9,1.0,8.89,32.0,27.5,55.3,22.0,1626
305,31.0,4.0,82.0,36.1,1.0,5.24,33.0,23.1,55.3,30.0,1070
306,31.0,4.0,82.0,33.3,1.0,5.41,33.0,23.1,54.9,30.0,1102
307,31.0,4.0,82.0,31.4,1.0,5.17,33.0,22.7,54.9,22.0,1124
308,32.0,4.0,83.0,23.5,1.0,3.76,33.0,19.6,54.9,20.0,1124
309,32.0,4.0,83.0,22.7,1.0,3.42,31.0,19.2,54.9,23.0,1070
310,32.0,4.0,83.0,27.5,1.0,3.89,29.0,19.6,54.9,24.0,1035
311,32.0,4.0,83.0,32.9,1.0,4.72,29.0,21.6,54.9,29.0,983
313,32.0,4.0,83.0,33.3,1.0,4.76,29.0,22.0,54.9,36.0,972
314,32.0,4.0,83.0,40.0,1.0,5.64,29.0,23.1,54.9,34.0,972
315,32.0,4.0,83.0,30.6,1.0,1.98,27.0,17.3,54.9,23.0,969
316,33.0,4.0,83.0,27.1,1.0,3.42,22.0,19.2,54.9,21.0,899
317,33.0,4.0,83.0,20.0,1.0,3.72,13.0,18.8,54.5,21.0,901
318,33.0,4.0,83.0,21.2,1.0,2.88,13.0,18.8,54.1,20.0,1003
319,33.0,4.0,83.0,34.1,1.0,5.11,3.0,21.6,53.3,38.0,819
320,32.0,4.0,82.0,62.7,1.0,9.83,12.0,28.6,52.5,24.0,851
322,31.0,4.0,82.0,30.2,1.0,5.58,25.0,24.7,52.9,39.0,1154
324,31.0,4.0,82.0,53.7,1.0,10.87,28.0,29.4,53.7,45.0,1396
325,30.0,4.0,82.0,53.7,1.0,11.29,29.0,29.4,54.1,46.0,1439
326,31.0,4.0,83.0,62.7,1.0,8.41,30.0,27.1,55.3,46.0,1065
327,31.0,4.0,83.0,54.1,1.0,7.87,29.0,26.7,55.3,47.0,1014
328,31.0,4.0,84.0,63.1,1.0,8.83,26.0,27.5,55.3,41.0,982
329,31.0,4.0,84.0,62.7,1.0,10.65,26.0,29.4,55.3,52.0,1308
330,30.0,4.0,84.0,60.4,1.0,11.7,27.0,29.8,56.1,52.0,1324
331,30.0,4.0,84.0,60.0,1.0,11.61,27.0,29.8,56.5,49.0,1341
332,30.0,4.0,84.0,60.0,1.0,11.89,28.0,29.8,56.9,50.0,1361
333,31.0,4.0,84.0,45.5,1.0,7.54,23.0,24.7,57.3,19.0,1403
334,31.0,4.0,84.0,22.4,1.0,3.48,18.0,18.4,56.9,35.0,1064
335,31.0,4.0,84.0,48.6,1.0,5.92,18.0,24.3,56.5,53.0,890
336,31.0,4.0,84.0,60.4,1.0,8.26,20.0,26.7,56.5,40.0,928
337,32.0,4.0,84.0,20.8,1.0,2.53,16.0,17.3,56.5,38.0,940
338,32.0,4.0,85.0,28.2,1.0,2.94,15.0,17.6,56.1,36.0,824
339,33.0,4.0,85.0,43.9,1.0,4.72,10.0,22.0,56.1,36.0,795
341,33.0,4.0,85.0,42.4,1.0,4.64,0.0,21.2,54.9,32.0,808
342,33.0,4.0,85.0,37.6,1.0,4.28,0.0,20.4,54.5,32.0,807
343,33.0,4.0,85.0,36.5,1.0,4.12,0.0,20.4,54.5,34.0,822
344,33.0,4.0,85.0,38.4,1.0,4.35,2.0,20.4,54.5,50.0,797
345,33.0,4.0,85.0,30.6,1.0,4.36,5.0,20.8,54.5,33.0,726
347,33.0,4.0,86.0,38.4,1.0,4.13,7.0,20.4,54.5,32.0,776
348,33.0,4.0,86.0,39.6,1.0,4.49,8.0,20.4,54.5,34.0,782
349,33.0,4.0,86.0,39.2,1.0,4.34,7.0,20.4,54.5,32.0,783
350,33.0,4.0,87.0,36.5,1.0,4.26,4.0,20.4,54.5,36.0,772
351,33.0,4.0,87.0,40.4,1.0,4.54,0.0,20.8,54.5,36.0,793
352,33.0,4.0,88.0,41.6,1.0,4.48,0.0,20.8,54.1,35.0,789
353,33.0,4.0,88.0,34.9,1.0,4.18,0.0,20.4,54.1,37.0,802
354,33.0,4.0,88.0,38.8,1.0,4.38,0.0,20.8,54.1,33.0,794
355,33.0,4.0,89.0,39.6,1.0,4.42,0.0,20.8,54.1,33.0,784
356,33.0,4.0,89.0,38.8,1.0,4.27,0.0,20.4,54.1,34.0,808
357,33.0,4.0,90.0,37.6,1.0,4.18,0.0,20.4,54.1,32.0,806
358,33.0,4.0,90.0,39.2,1.0,4.15,0.0,20.4,54.1,33.0,808
359,33.0,4.0,91.0,38.4,1.0,4.31,0.0,20.4,54.1,32.0,800
360,33.0,4.0,91.0,38.0,1.0,4.2,0.0,20.4,54.1,34.0,799
361,33.0,4.0,91.0,37.3,1.0,4.09,0.0,20.4,54.1,34.0,799
362,33.0,4.0,92.0,37.6,1.0,4.12,0.0,20.8,54.5,35.0,802
363,33.0,4.0,92.0,38.4,1.0,4.27,0.0,20.4,54.5,33.0,781
365,34.0,4.0,93.0,38.4,1.0,4.37,0.0,20.8,54.5,34.0,786
366,34.0,4.0,93.0,38.4,1.0,4.4,0.0,20.8,54.5,34.0,799
367,34.0,4.0,94.0,37.3,1.0,4.14,0.0,20.4,54.5,34.0,805
368,34.0,4.0,94.0,36.9,1.0,4.14,0.0,20.4,54.5,33.0,802
369,34.0,4.0,94.0,39.6,1.0,4.53,0.0,20.8,54.5,34.0,805
370,32.0,4.0,94.0,81.6,1.0,10.41,13.0,29.4,54.5,48.0,906
371,32.0,4.0,95.0,15.3,1.0,2.72,16.0,17.3,55.3,19.0,1137
372,33.0,4.0,95.0,18.4,1.0,3.4,13.0,20.0,54.9,20.0,1271
373,33.0,4.0,95.0,35.7,1.0,4.44,4.0,20.8,54.5,36.0,806
374,33.0,4.0,96.0,42.7,1.0,4.73,1.0,21.2,54.1,37.0,813
375,34.0,4.0,96.0,40.8,1.0,4.75,0.0,21.2,53.7,32.0,810
376,34.0,4.0,96.0,36.5,1.0,4.61,0.0,21.2,54.1,36.0,797
377,34.0,4.0,97.0,42.4,1.0,4.67,0.0,21.6,54.1,32.0,792
378,34.0,4.0,97.0,36.9,1.0,4.38,0.0,20.4,54.1,32.0,806
379,34.0,4.0,99.0,42.0,1.0,4.64,9.0,21.6,54.9,33.0,783
380,34.0,4.0,99.0,41.6,1.0,4.44,9.0,20.8,54.9,35.0,796
381,34.0,4.0,99.0,41.6,1.0,4.51,8.0,20.8,54.9,34.0,802
460,35.0,4.0,90.0,43.1,1.0,7.3,35.0,25.9,54.9,36.0,1169
461,35.0,4.0,89.0,40.8,1.0,6.76,36.0,25.1,54.9,35.0,1167
462,35.0,4.0,89.0,39.6,1.0,6.79,36.0,25.1,54.9,32.0,1188
511,36.0,4.0,91.0,48.2,1.0,6.94,20.0,25.5,53.3,41.0,1030
552,34.0,4.0,84.0,35.7,1.0,6.43,35.0,24.3,54.1,36.0,1222
670,32.0,4.0,83.0,48.2,1.0,12.38,55.0,29.8,54.9,18.0,1912
671,32.0,4.0,83.0,29.8,1.0,8.21,53.0,27.1,54.9,24.0,1804
672,32.0,4.0,83.0,17.6,1.0,4.64,51.0,22.4,54.5,34.0,1765
674,32.0,4.0,83.0,49.8,1.0,13.09,52.0,30.6,54.1,40.0,1626
675,32.0,4.0,82.0,47.8,1.0,11.88,51.0,29.0,53.7,32.0,1748
676,32.0,4.0,82.0,30.6,1.0,7.52,48.0,26.3,53.7,30.0,1697
677,32.0,4.0,82.0,35.7,1.0,9.64,51.0,29.0,53.3,24.0,1651
678,32.0,4.0,82.0,18.0,1.0,4.56,53.0,22.0,53.3,38.0,1697
679,32.0,4.0,82.0,40.8,1.0,10.64,54.0,29.0,52.9,24.0,1793
752,31.0,4.0,82.0,52.2,1.0,14.05,53.0,31.0,53.7,33.0,1838
753,31.0,4.0,82.0,35.7,1.0,7.47,49.0,24.7,53.7,30.0,1411
754,31.0,4.0,82.0,22.4,1.0,2.32,45.0,20.0,53.3,21.0,1308
832,31.0,4.0,83.0,18.0,1.0,3.97,50.0,21.2,52.9,20.0,1467
835,31.0,4.0,82.0,20.4,1.0,3.57,41.0,19.6,52.5,21.0,1190
906,33.0,4.0,93.0,35.3,1.0,4.15,0.0,20.4,52.2,33.0,814
908,32.0,4.0,94.0,36.1,1.0,4.24,11.0,20.0,52.2,88.0,792
909,31.0,4.0,94.0,100.0,1.0,16.25,27.0,28.6,52.9,55.0,2882
910,31.0,4.0,94.0,19.2,1.0,4.77,36.0,25.9,53.7,57.0,1805
911,31.0,4.0,94.0,25.9,1.0,10.41,43.0,29.8,53.7,51.0,1668
989,31.0,4.0,82.0,42.4,1.0,8.19,49.0,29.0,50.2,87.0,1202
990,30.0,4.0,82.0,100.0,1.0,21.97,54.0,36.1,50.6,83.0,1384
991,30.0,4.0,82.0,72.5,1.0,16.57,55.0,32.2,51.8,58.0,1475
1086,32.0,3.0,83.0,19.6,1.0,9.29,61.0,27.8,52.9,51.0,3154
1087,32.0,3.0,83.0,61.2,1.0,17.98,61.0,32.2,52.2,41.0,2058
1088,32.0,3.0,83.0,27.8,1.0,5.41,60.0,23.1,52.2,29.0,2028
1089,32.0,3.0,83.0,18.0,1.0,5.39,55.0,23.1,51.8,20.0,1967
1090,32.0,3.0,83.0,17.6,1.0,5.25,62.0,26.3,51.0,85.0,1820
1091,32.0,3.0,83.0,20.0,1.0,5.94,54.0,23.9,51.4,20.0,2058
1165,30.0,4.0,83.0,54.1,1.0,14.1,60.0,31.0,51.8,90.0,1817
1167,30.0,4.0,83.0,35.7,1.0,20.16,70.0,34.5,52.5,90.0,2255
1169,30.0,4.0,83.0,20.0,1.0,9.32,76.0,30.2,52.9,90.0,2341
1254,32.0,6.0,87.0,35.7,1.0,4.05,0.0,20.0,49.4,32.0,813
1256,32.0,6.0,88.0,47.1,1.0,5.5,2.0,22.4,49.4,39.0,857
1257,32.0,6.0,88.0,36.5,1.0,4.27,0.0,20.4,50.2,37.0,860
1258,31.0,6.0,89.0,75.7,1.0,8.24,18.0,28.2,49.8,42.0,845
1327,33.0,7.0,89.0,40.8,1.0,4.47,0.0,20.8,47.5,31.0,789
1329,31.0,7.0,90.0,100.0,1.0,47.15,34.0,32.9,48.6,79.0,3081
1332,31.0,7.0,91.0,20.8,1.0,3.14,27.0,18.4,48.2,99.0,1091
1333,32.0,7.0,91.0,100.0,1.0,25.54,44.0,61.2,49.4,99.0,1473
1334,31.0,7.0,92.0,100.0,0.0,44.5,49.0,83.5,51.4,19.0,2342
1335,31.0,7.0,92.0,20.4,1.0,7.08,55.0,25.5,51.4,96.0,2278
1336,31.0,7.0,91.0,100.0,1.0,58.37,65.0,52.9,51.8,100.0,2907
1337,30.0,7.0,91.0,100.0,1.0,39.9,73.0,43.5,52.5,85.0,2237
1338,31.0,7.0,91.0,19.2,1.0,5.36,71.0,22.7,52.9,19.0,1978
1339,31.0,7.0,91.0,17.6,1.0,5.11,68.0,22.7,51.4,18.0,1898
1340,31.0,7.0,91.0,18.0,1.0,4.66,55.0,22.7,49.8,19.0,1814
1341,32.0,7.0,90.0,16.9,1.0,3.88,35.0,20.4,47.8,31.0,1363
1343,31.0,7.0,89.0,37.3,1.0,4.18,24.0,20.0,43.9,50.0,811
1344,30.0,7.0,88.0,100.0,1.0,43.1,41.0,53.3,44.7,32.0,1912
1345,30.0,7.0,88.0,100.0,1.0,37.65,54.0,43.1,47.1,87.0,2042
1346,30.0,7.0,88.0,25.1,1.0,22.18,60.0,33.7,49.0,69.0,2096
1347,30.0,7.0,88.0,82.7,1.0,25.07,67.0,34.9,49.4,73.0,2102
1348,31.0,7.0,88.0,91.4,1.0,30.76,67.0,36.9,50.2,19.0,2267
1349,31.0,7.0,87.0,82.4,1.0,21.92,68.0,34.1,50.6,60.0,1847
1350,31.0,7.0,87.0,71.4,1.0,19.53,68.0,32.9,51.0,47.0,1860
1351,31.0,7.0,87.0,17.6,1.0,4.73,60.0,22.4,51.0,19.0,1825
1352,31.0,7.0,87.0,17.6,1.0,4.12,58.0,22.0,50.2,90.0,1586
1353,31.0,7.0,86.0,100.0,1.0,28.26,65.0,45.1,50.6,94.0,1638
1354,31.0,7.0,86.0,100.0,1.0,30.22,60.0,37.6,51.0,18.0,1816
1356,31.0,7.0,85.0,49.8,1.0,10.76,52.0,28.6,50.6,52.0,1702
1357,31.0,7.0,85.0,100.0,1.0,35.77,70.0,54.5,51.0,30.0,1920
1358,31.0,7.0,85.0,17.3,1.0,6.07,69.0,24.3,51.0,18.0,2346
1359,31.0,7.0,84.0,18.4,1.0,4.51,42.0,21.6,49.0,20.0,1835
1360,31.0,8.0,84.0,18.8,1.0,9.2,52.0,29.8,46.3,81.0,2110
1361,30.0,8.0,84.0,20.8,1.0,6.47,57.0,27.5,47.5,77.0,2262
1362,30.0,8.0,83.0,88.2,1.0,24.97,61.0,35.3,48.2,67.0,1953
1363,31.0,8.0,83.0,23.1,1.0,5.23,59.0,23.5,49.4,65.0,2035
1364,31.0,8.0,83.0,27.1,1.0,4.94,37.0,23.1,49.4,21.0,1987
1365,31.0,8.0,83.0,46.7,1.0,18.73,44.0,31.8,46.3,90.0,1585
1366,31.0,8.0,83.0,100.0,1.0,27.93,59.0,29.8,47.5,98.0,2456
1367,30.0,8.0,83.0,100.0,1.0,35.19,69.0,65.9,48.6,94.0,2042
1368,30.0,8.0,83.0,100.0,1.0,42.89,73.0,42.7,49.8,93.0,2399
1369,30.0,8.0,83.0,100.0,1.0,35.89,77.0,42.0,50.2,90.0,2035
1370,30.0,8.0,83.0,100.0,1.0,31.81,76.0,38.0,51.0,81.0,2085
1371,30.0,8.0,84.0,87.8,1.0,24.52,73.0,34.5,51.4,20.0,2067
1372,30.0,8.0,84.0,83.1,1.0,24.68,77.0,34.9,51.4,65.0,2016
1373,30.0,8.0,84.0,63.5,1.0,18.41,76.0,32.5,51.4,27.0,2130
1374,30.0,8.0,84.0,18.8,1.0,5.87,64.0,23.9,51.0,20.0,2065
1375,31.0,8.0,83.0,17.6,1.0,3.23,33.0,18.8,49.4,20.0,1323
1376,31.0,8.0,83.0,24.3,1.0,8.33,40.0,28.2,46.7,99.0,1561
1377,30.0,8.0,83.0,100.0,0.0,40.67,52.0,83.5,48.6,23.0,2201
1378,30.0,8.0,83.0,72.2,1.0,6.53,52.0,23.5,50.2,51.0,1738
1379,30.0,8.0,83.0,19.2,1.0,4.72,33.0,22.4,50.2,20.0,1667
1380,30.0,8.0,84.0,100.0,1.0,20.17,45.0,54.1,47.5,99.0,1227
1381,30.0,8.0,84.0,100.0,1.0,27.86,56.0,57.6,48.6,23.0,1584
1382,30.0,8.0,84.0,18.4,1.0,4.96,42.0,22.4,49.0,22.0,1850
1385,30.0,9.0,85.0,87.1,1.0,19.93,17.0,32.5,43.1,19.0,1851
1386,31.0,9.0,85.0,21.6,1.0,3.22,16.0,18.4,44.3,40.0,1150
1387,31.0,9.0,85.0,42.4,1.0,4.68,23.0,21.2,42.7,26.0,768
1388,31.0,9.0,85.0,38.0,1.0,4.42,13.0,20.0,42.4,35.0,872
1389,32.0,9.0,85.0,45.5,1.0,5.16,9.0,23.5,42.0,29.0,726
1390,32.0,9.0,85.0,40.0,1.0,4.49,0.0,20.8,42.4,35.0,772
1391,31.0,9.0,86.0,38.8,1.0,18.55,100.0,32.9,53.3,33.0,3403
1392,31.0,9.0,85.0,78.0,1.0,40.44,105.0,38.0,51.0,66.0,3337
1393,31.0,9.0,85.0,100.0,1.0,71.1,111.0,83.5,50.6,53.0,3575
1394,31.0,9.0,85.0,18.4,1.0,9.49,83.0,28.2,50.2,18.0,3645
1395,32.0,9.0,84.0,18.0,1.0,6.39,47.0,24.7,45.1,19.0,2237
1396,31.0,9.0,84.0,96.1,1.0,51.38,61.0,83.5,42.4,100.0,1801
1397,31.0,9.0,83.0,100.0,0.0,66.59,79.0,83.5,44.7,98.0,3203
1399,31.0,9.0,83.0,20.4,1.0,7.28,44.0,25.9,46.7,22.0,2473
1400,31.0,9.0,83.0,93.7,1.0,64.22,57.0,53.3,42.7,71.0,2518
1401,31.0,9.0,83.0,100.0,1.0,60.37,67.0,83.5,44.7,99.0,2859
1402,31.0,9.0,83.0,100.0,0.0,69.18,69.0,83.5,47.5,21.0,3378
1403,31.0,9.0,83.0,19.6,1.0,9.23,59.0,27.5,48.2,92.0,3068
1404,31.0,9.0,83.0,18.8,1.0,8.69,58.0,27.1,47.1,35.0,2920
1405,30.0,9.0,83.0,100.0,0.0,65.34,82.0,83.5,45.9,100.0,3076
1406,31.0,9.0,83.0,100.0,0.0,24.68,81.0,32.5,48.2,19.0,4242
1407,31.0,9.0,83.0,19.2,1.0,10.09,33.0,28.6,46.7,20.0,3584
1408,31.0,9.0,83.0,20.0,1.0,7.02,40.0,25.5,41.6,84.0,2361
1409,31.0,9.0,83.0,100.0,1.0,44.18,31.0,36.1,43.1,19.0,3832
1410,31.0,9.0,83.0,23.9,1.0,15.01,26.0,34.9,40.4,51.0,1587
1411,30.0,9.0,83.0,100.0,0.0,60.42,54.0,83.5,42.0,37.0,2756
1412,30.0,9.0,83.0,100.0,0.0,61.2,72.0,83.5,45.5,101.0,2868
1413,30.0,9.0,84.0,42.4,0.0,11.76,87.0,27.8,47.8,97.0,3665
1414,30.0,9.0,84.0,100.0,0.0,61.86,90.0,83.5,49.0,19.0,2980
1415,31.0,9.0,85.0,18.0,1.0,7.9,71.0,26.7,49.0,19.0,2902
1416,31.0,9.0,85.0,19.6,1.0,5.75,27.0,23.5,45.5,32.0,2051
1418,30.0,9.0,85.0,100.0,0.0,54.74,53.0,83.5,41.2,96.0,2622
1419,30.0,9.0,85.0,100.0,1.0,39.75,42.0,36.9,45.1,22.0,2629
1420,31.0,9.0,85.0,19.2,1.0,3.46,38.0,18.0,43.5,102.0,1259
1421,30.0,9.0,85.0,100.0,0.0,77.58,63.0,83.5,44.3,97.0,3697
1422,30.0,9.0,85.0,26.7,0.0,75.94,71.0,83.5,47.8,21.0,4438
1424,30.0,9.0,86.0,72.5,1.0,58.55,85.0,42.0,50.2,50.0,3978
1425,30.0,9.0,86.0,18.4,1.0,7.68,76.0,26.3,49.4,19.0,2807
1426,31.0,9.0,86.0,17.6,1.0,6.39,57.0,24.7,47.5,20.0,2360
1427,31.0,9.0,86.0,18.4,1.0,4.37,27.0,21.6,45.5,21.0,1705
1428,31.0,9.0,86.0,27.1,1.0,3.65,3.0,20.0,43.1,34.0,809
1429,32.0,9.0,86.0,39.6,1.0,4.32,0.0,20.4,42.4,36.0,782
1430,32.0,9.0,86.0,43.9,1.0,4.72,0.0,21.2,43.9,37.0,784
1431,31.0,9.0,87.0,43.1,1.0,5.69,7.0,26.7,45.5,67.0,751
1432,31.0,9.0,87.0,99.2,1.0,28.05,13.0,37.3,48.2,20.0,1797
1433,31.0,9.0,87.0,56.9,1.0,16.17,17.0,32.5,48.6,40.0,1365
1434,31.0,9.0,87.0,92.5,1.0,18.92,36.0,35.7,49.0,95.0,1357
1435,30.0,9.0,87.0,100.0,0.0,73.02,66.0,83.5,51.0,96.0,3563
1436,30.0,9.0,88.0,100.0,1.0,71.73,79.0,83.5,52.9,99.0,4343
1438,30.0,9.0,88.0,100.0,1.0,68.17,103.0,83.5,54.5,91.0,3943
1439,30.0,9.0,89.0,100.0,1.0,56.45,102.0,41.2,54.1,18.0,3475
1441,30.0,9.0,88.0,16.9,1.0,8.62,43.0,27.1,46.7,18.0,3313
1442,31.0,9.0,88.0,17.3,1.0,3.58,1.0,19.6,42.4,32.0,1485
1443,31.0,9.0,87.0,43.1,1.0,4.46,0.0,21.2,39.2,35.0,786
1444,32.0,9.0,87.0,43.1,1.0,4.68,0.0,21.6,39.2,32.0,780
1445,32.0,9.0,88.0,36.1,0.0,3.79,0.0,20.0,39.2,30.0,807
1446,32.0,9.0,88.0,42.0,1.0,4.48,1.0,20.8,39.6,36.0,790
1447,31.0,9.0,88.0,79.2,1.0,17.22,25.0,31.4,40.0,101.0,1100
1448,30.0,9.0,88.0,100.0,0.0,19.74,59.0,32.9,43.5,96.0,5662
1449,30.0,9.0,88.0,100.0,0.0,109.97,79.0,35.3,46.7,100.0,5517
1450,30.0,9.0,88.0,100.0,0.0,85.05,95.0,83.5,48.6,96.0,4087
1451,30.0,9.0,88.0,100.0,0.0,17.36,104.0,31.8,50.6,101.0,4870
1452,30.0,9.0,88.0,100.0,0.0,71.21,106.0,83.5,50.6,18.0,3534
1453,30.0,9.0,88.0,15.7,1.0,9.88,88.0,29.4,49.4,17.0,3407
1454,30.0,9.0,88.0,16.5,1.0,10.47,71.0,29.0,46.3,18.0,4160
1455,30.0,9.0,87.0,16.9,1.0,7.48,45.0,25.9,43.9,18.0,3043
1457,30.0,9.0,86.0,100.0,0.0,46.71,65.0,83.1,42.7,100.0,2429
1458,30.0,9.0,86.0,100.0,0.0,69.83,82.0,83.1,45.5,97.0,3388
1459,29.0,9.0,86.0,100.0,0.0,89.18,96.0,83.1,48.2,97.0,4237
1460,30.0,9.0,85.0,100.0,1.0,66.52,103.0,83.5,49.8,96.0,3228
1461,30.0,9.0,85.0,100.0,0.0,70.16,103.0,83.5,50.2,18.0,3487
1462,30.0,9.0,86.0,17.6,1.0,8.94,90.0,27.1,49.0,19.0,3315
1463,30.0,9.0,85.0,16.9,1.0,7.29,85.0,25.9,45.9,61.0,2851
1464,30.0,9.0,85.0,50.2,1.0,15.16,86.0,31.4,44.7,69.0,2822
1465,29.0,9.0,85.0,34.5,1.0,73.5,97.0,77.6,44.3,97.0,4224
1466,30.0,9.0,84.0,23.1,0.0,12.6,84.0,30.2,45.5,99.0,4836
1467,30.0,9.0,84.0,63.1,1.0,16.22,56.0,31.0,43.5,20.0,4052
1468,30.0,9.0,84.0,46.7,1.0,89.35,69.0,81.2,40.0,97.0,3769
1469,30.0,9.0,84.0,22.7,0.0,15.05,78.0,32.2,42.7,97.0,5523
1470,30.0,9.0,84.0,18.4,1.0,10.1,56.0,28.2,44.3,43.0,3620
1471,30.0,9.0,84.0,100.0,0.0,61.93,60.0,83.5,42.7,18.0,2991
1472,30.0,9.0,85.0,18.0,1.0,7.78,64.0,26.3,43.9,94.0,2811
1473,30.0,9.0,85.0,100.0,1.0,64.56,76.0,52.2,45.1,46.0,3322
1474,30.0,9.0,85.0,17.6,1.0,9.63,57.0,28.2,46.7,18.0,3648
1475,30.0,9.0,85.0,18.4,1.0,6.44,22.0,24.7,43.1,19.0,2377
1476,31.0,9.0,85.0,33.7,1.0,3.86,3.0,19.6,40.0,32.0,819
1477,31.0,9.0,85.0,42.0,1.0,4.54,2.0,21.2,39.2,53.0,787
1478,30.0,9.0,86.0,63.1,1.0,13.3,22.0,30.6,40.0,37.0,1737
1479,30.0,9.0,86.0,83.5,1.0,30.25,39.0,36.5,42.7,24.0,2313
1480,30.0,9.0,86.0,96.1,1.0,24.54,50.0,33.7,45.1,49.0,2179
1481,30.0,10.0,86.0,33.7,1.0,12.03,47.0,29.8,46.3,18.0,2434
1483,30.0,10.0,86.0,76.1,1.0,20.85,53.0,33.3,46.3,101.0,2375
1484,30.0,10.0,86.0,100.0,0.0,59.16,61.0,83.5,47.5,19.0,2829
1486,31.0,10.0,86.0,16.9,1.0,4.13,26.0,21.2,44.3,34.0,889
1487,30.0,10.0,86.0,52.9,1.0,11.38,38.0,32.2,42.7,58.0,1094
1488,30.0,10.0,86.0,55.3,1.0,41.22,54.0,38.4,44.3,100.0,3389
1489,29.0,10.0,86.0,100.0,0.0,60.53,76.0,83.5,45.5,102.0,2870
1490,29.0,10.0,86.0,100.0,0.0,83.49,87.0,83.5,48.2,18.0,3992
1491,30.0,10.0,87.0,18.4,1.0,11.69,73.0,29.8,47.5,19.0,4216
1492,30.0,10.0,86.0,18.8,1.0,15.44,74.0,33.3,45.1,19.0,3460
1493,30.0,10.0,86.0,17.6,1.0,9.49,78.0,28.2,44.7,19.0,3522
1494,29.0,10.0,86.0,100.0,1.0,79.24,85.0,50.2,45.5,57.0,3992
1495,30.0,10.0,86.0,22.4,1.0,7.51,85.0,25.9,46.3,101.0,2800
1496,30.0,10.0,86.0,17.6,1.0,7.63,66.0,25.9,46.7,19.0,2840
1497,30.0,10.0,86.0,17.6,1.0,2.95,21.0,19.2,43.1,20.0,1339
1498,30.0,10.0,85.0,20.8,1.0,2.85,3.0,18.0,39.2,37.0,1073
1499,31.0,10.0,85.0,41.2,1.0,4.6,0.0,20.8,38.8,34.0,779
1500,31.0,10.0,86.0,43.9,1.0,4.65,0.0,20.8,39.6,33.0,795
1501,31.0,10.0,86.0,39.6,1.0,4.62,0.0,20.8,40.8,36.0,805
1502,31.0,10.0,87.0,40.4,1.0,4.4,0.0,20.8,42.0,35.0,796
1503,32.0,10.0,87.0,42.0,1.0,4.43,0.0,20.8,43.1,32.0,790
1505,31.0,10.0,88.0,41.6,1.0,4.52,4.0,20.4,44.7,74.0,815
1506,30.0,10.0,88.0,100.0,1.0,26.79,37.0,35.7,45.9,22.0,1826
1507,30.0,10.0,89.0,100.0,1.0,68.52,61.0,83.5,48.6,96.0,3168
1508,30.0,10.0,89.0,18.4,0.0,60.45,75.0,76.1,51.0,96.0,4308
1509,29.0,10.0,90.0,100.0,0.0,81.0,91.0,83.5,52.5,99.0,3901
1510,29.0,10.0,90.0,100.0,0.0,96.31,105.0,83.5,53.7,98.0,4627
1511,30.0,10.0,91.0,18.0,1.0,13.56,99.0,30.6,53.7,45.0,5039
1512,30.0,10.0,91.0,100.0,1.0,101.24,95.0,83.5,51.8,30.0,4939
1513,30.0,10.0,90.0,100.0,1.0,94.15,91.0,56.5,50.2,18.0,4685
1514,30.0,10.0,90.0,26.7,1.0,12.75,82.0,29.8,48.6,19.0,4354
1515,29.0,10.0,90.0,100.0,1.0,87.64,98.0,83.5,47.5,96.0,4182
1516,29.0,10.0,89.0,100.0,0.0,101.05,111.0,83.5,49.0,97.0,4945
1517,29.0,10.0,89.0,65.1,0.0,36.81,115.0,36.9,49.8,101.0,3884
1519,29.0,10.0,88.0,18.0,1.0,10.36,109.0,29.0,47.8,96.0,3824
1520,29.0,10.0,88.0,100.0,1.0,72.88,119.0,83.5,47.1,101.0,3664
1522,29.0,10.0,87.0,18.4,1.0,9.39,98.0,28.2,45.1,96.0,3492
1523,29.0,11.0,87.0,100.0,0.0,67.82,107.0,83.5,43.1,96.0,3349
1524,29.0,11.0,86.0,100.0,0.0,39.12,115.0,32.9,43.9,97.0,5402
1525,29.0,11.0,86.0,100.0,0.0,79.82,122.0,83.5,44.7,97.0,3858
1526,29.0,11.0,85.0,100.0,0.0,85.45,129.0,83.5,45.9,96.0,4122
1527,29.0,11.0,85.0,100.0,0.0,90.17,132.0,83.5,47.1,97.0,4323
1528,29.0,11.0,85.0,100.0,0.0,94.96,136.0,83.5,47.5,98.0,4419
1529,29.0,11.0,85.0,100.0,0.0,93.44,138.0,83.5,47.8,99.0,4527
1530,29.0,11.0,85.0,100.0,0.0,97.19,138.0,83.5,48.2,18.0,4613
1531,29.0,11.0,85.0,100.0,0.0,75.47,139.0,83.5,47.1,95.0,3777
1532,29.0,11.0,86.0,100.0,0.0,78.81,140.0,83.5,46.7,101.0,3806
1533,29.0,11.0,86.0,100.0,0.0,76.7,141.0,83.5,46.3,98.0,3832
1534,29.0,11.0,86.0,100.0,0.0,77.53,137.0,83.5,46.3,18.0,3846
1535,29.0,11.0,86.0,39.2,1.0,74.39,132.0,49.8,44.7,64.0,3689
1536,29.0,11.0,86.0,100.0,1.0,68.64,134.0,50.2,44.3,102.0,3607
1537,29.0,11.0,86.0,100.0,1.0,73.34,133.0,83.5,44.3,23.0,3669
1539,29.0,11.0,85.0,100.0,0.0,72.43,135.0,83.5,43.5,98.0,3634
1540,29.0,11.0,85.0,100.0,0.0,75.8,136.0,83.5,43.9,96.0,3720
1541,29.0,11.0,85.0,18.0,1.0,12.41,130.0,31.8,43.5,97.0,3592
1542,29.0,11.0,85.0,100.0,0.0,70.75,132.0,83.5,43.5,97.0,3571
1544,29.0,11.0,85.0,92.9,1.0,49.09,114.0,39.2,43.9,18.0,3453
1545,29.0,11.0,85.0,16.9,1.0,7.23,70.0,25.9,40.8,19.0,2802
1546,29.0,11.0,85.0,17.6,1.0,3.51,20.0,19.2,35.7,22.0,1379
1547,29.0,11.0,85.0,100.0,1.0,33.61,40.0,40.8,32.9,82.0,1835
1548,29.0,12.0,85.0,22.0,1.0,10.09,44.0,29.8,36.9,22.0,3369
1549,29.0,12.0,84.0,67.8,1.0,26.37,36.0,34.1,38.4,20.0,3621
1550,29.0,12.0,84.0,19.6,1.0,7.28,20.0,25.9,36.9,20.0,2579
1551,29.0,12.0,84.0,76.1,1.0,13.96,33.0,31.0,35.3,79.0,1762
1552,29.0,12.0,85.0,100.0,1.0,65.9,61.0,83.5,38.8,98.0,3148
1553,29.0,12.0,85.0,100.0,0.0,110.39,83.0,83.1,43.1,95.0,5713
1554,29.0,12.0,85.0,100.0,0.0,91.68,99.0,83.5,45.5,96.0,4273
1555,29.0,12.0,86.0,100.0,0.0,105.08,112.0,83.5,47.8,98.0,5045
1557,29.0,12.0,87.0,18.8,1.0,49.67,125.0,33.7,49.0,96.0,5657
1558,28.0,12.0,87.0,100.0,0.0,87.09,133.0,83.5,48.2,96.0,4209
1559,29.0,12.0,88.0,100.0,0.0,94.74,142.0,83.5,48.6,99.0,4485
1560,29.0,12.0,88.0,100.0,0.0,98.74,147.0,83.5,49.0,96.0,4761
1561,29.0,12.0,88.0,100.0,0.0,101.16,150.0,83.5,49.0,98.0,4897
1562,29.0,12.0,88.0,100.0,0.0,104.3,154.0,83.5,48.6,97.0,5013
1563,29.0,12.0,88.0,100.0,1.0,102.06,154.0,63.9,48.2,95.0,5063
1564,28.0,12.0,88.0,100.0,0.0,104.4,157.0,79.2,47.8,97.0,5133
1565,29.0,12.0,88.0,40.4,0.0,31.28,152.0,35.7,47.1,96.0,5143
1566,29.0,12.0,88.0,65.5,1.0,49.57,150.0,38.8,45.9,91.0,5022
1567,29.0,12.0,88.0,100.0,1.0,102.76,146.0,83.5,45.1,39.0,4990
1568,28.0,12.0,88.0,100.0,1.0,95.28,148.0,53.3,43.5,97.0,4834
1569,28.0,12.0,87.0,100.0,0.0,101.18,153.0,83.5,44.3,98.0,4965
1570,28.0,12.0,87.0,100.0,0.0,106.47,156.0,83.5,44.7,97.0,5113
1571,28.0,13.0,87.0,100.0,1.0,106.95,159.0,83.5,45.5,78.0,5227
1572,29.0,13.0,87.0,99.2,0.0,73.24,156.0,42.7,45.1,51.0,5288
1573,29.0,13.0,87.0,17.6,1.0,12.77,119.0,30.2,43.5,18.0,5041
1574,29.0,13.0,87.0,16.9,1.0,8.8,73.0,27.1,38.0,17.0,3463
1575,29.0,13.0,87.0,16.9,1.0,6.47,27.0,24.7,32.9,87.0,2616
1576,29.0,13.0,86.0,100.0,0.0,61.34,55.0,83.5,31.8,98.0,2851
1577,28.0,13.0,86.0,100.0,0.0,107.93,74.0,83.5,37.3,96.0,5126
1578,28.0,13.0,86.0,100.0,0.0,79.28,90.0,83.5,40.8,97.0,3843
1579,28.0,13.0,87.0,100.0,0.0,97.47,103.0,83.5,43.9,98.0,4610
1580,29.0,13.0,87.0,100.0,0.0,26.24,101.0,32.9,46.3,97.0,5176
1581,28.0,13.0,88.0,100.0,0.0,104.11,116.0,83.5,45.5,96.0,5196
1583,29.0,13.0,88.0,69.0,1.0,36.95,90.0,36.9,42.4,18.0,4822
1584,29.0,13.0,88.0,18.0,1.0,10.02,82.0,28.6,39.6,88.0,3804
1585,29.0,13.0,88.0,39.6,1.0,23.84,77.0,35.3,40.4,18.0,3991
1586,29.0,13.0,88.0,16.9,1.0,9.15,66.0,27.8,39.6,18.0,3606
1587,29.0,13.0,88.0,16.5,1.0,7.78,30.0,26.3,38.8,18.0,3104
1588,29.0,13.0,88.0,35.3,1.0,5.5,25.0,23.1,34.1,88.0,786
1589,29.0,13.0,88.0,100.0,1.0,51.42,45.0,45.1,36.9,97.0,2654
1590,29.0,13.0,88.0,100.0,0.0,47.2,67.0,83.5,40.0,95.0,2438
1591,29.0,13.0,88.0,100.0,0.0,72.59,90.0,83.5,43.5,99.0,3564
1592,28.0,13.0,88.0,100.0,0.0,99.88,102.0,83.5,45.9,19.0,4704
1593,29.0,13.0,88.0,19.2,1.0,13.78,85.0,30.6,45.9,18.0,4829
1594,29.0,13.0,88.0,19.6,1.0,11.48,72.0,29.8,42.7,19.0,4021
1596,29.0,14.0,88.0,20.4,1.0,4.33,29.0,21.2,38.0,30.0,1634
1597,29.0,14.0,88.0,39.2,1.0,3.52,22.0,17.3,36.1,77.0,887
1598,29.0,14.0,88.0,100.0,0.0,53.07,52.0,83.5,36.1,32.0,2522
1599,29.0,14.0,88.0,100.0,1.0,56.97,67.0,83.5,40.0,43.0,2789
1600,29.0,14.0,88.0,17.6,1.0,8.9,58.0,27.1,41.6,18.0,3229
1601,29.0,14.0,88.0,18.4,1.0,7.47,49.0,25.9,40.4,18.0,2717
1602,29.0,14.0,88.0,18.4,1.0,6.56,31.0,25.1,39.2,19.0,2352
1603,30.0,14.0,88.0,48.2,1.0,4.97,26.0,22.0,36.5,30.0,739
1604,29.0,14.0,88.0,67.5,1.0,20.42,37.0,32.9,36.1,64.0,2118
1605,29.0,14.0,88.0,100.0,1.0,71.27,63.0,83.5,35.3,96.0,3451
1606,29.0,14.0,88.0,35.3,0.0,14.0,75.0,30.6,39.6,101.0,5205
1607,29.0,14.0,88.0,100.0,0.0,78.96,88.0,83.5,42.7,96.0,3848
1612,29.0,14.0,89.0,47.1,1.0,16.89,82.0,29.4,45.1,17.0,2764
1613,29.0,14.0,89.0,16.9,1.0,6.89,73.0,25.5,43.5,18.0,2687
1614,29.0,14.0,89.0,15.3,1.0,5.65,56.0,24.3,41.2,18.0,1724
1615,29.0,14.0,88.0,17.6,1.0,6.56,27.0,25.1,39.2,20.0,2471
1616,30.0,14.0,88.0,40.0,1.0,4.56,8.0,20.0,36.5,32.0,890
1618,31.0,14.0,88.0,37.6,1.0,4.19,0.0,20.0,36.1,32.0,804
1619,31.0,14.0,89.0,36.9,1.0,4.12,0.0,20.0,37.3,31.0,805
1620,31.0,14.0,89.0,38.8,1.0,4.13,0.0,20.0,38.4,34.0,794
1621,31.0,14.0,89.0,40.4,1.0,4.27,0.0,20.4,39.6,32.0,791
1622,31.0,14.0,90.0,42.7,1.0,4.6,0.0,21.2,40.4,35.0,807
1623,30.0,14.0,90.0,58.4,1.0,9.41,20.0,28.2,41.2,101.0,1060
1624,30.0,14.0,91.0,100.0,0.0,102.88,48.0,83.5,43.9,100.0,4728
1625,30.0,14.0,91.0,100.0,0.0,97.07,65.0,83.5,46.7,97.0,4562
1626,30.0,14.0,92.0,100.0,1.0,70.11,75.0,83.5,48.6,19.0,3418
1627,30.0,14.0,92.0,17.3,1.0,9.14,53.0,27.5,48.2,18.0,3477
1628,30.0,14.0,93.0,18.4,1.0,5.9,25.0,23.5,44.7,32.0,2255
1629,31.0,14.0,93.0,41.6,1.0,4.5,0.0,20.4,40.8,38.0,803
1630,31.0,14.0,94.0,43.1,1.0,4.41,0.0,20.8,38.8,33.0,791
1631,31.0,14.0,94.0,36.5,1.0,3.83,0.0,20.0,38.4,31.0,812
1632,31.0,14.0,94.0,36.9,1.0,3.9,0.0,20.0,38.4,34.0,812
1633,31.0,14.0,95.0,46.7,1.0,7.92,13.0,27.1,38.8,66.0,832
1634,30.0,14.0,95.0,61.6,1.0,19.98,28.0,32.5,41.2,49.0,3026
1635,30.0,14.0,95.0,100.0,1.0,40.15,39.0,36.9,43.1,30.0,2601
1636,30.0,14.0,96.0,36.9,1.0,21.73,50.0,33.7,43.5,55.0,3314
1637,30.0,14.0,96.0,94.5,1.0,67.1,72.0,43.9,45.1,100.0,4593
1638,30.0,14.0,97.0,100.0,0.0,78.18,91.0,67.5,46.7,76.0,3816
1639,30.0,14.0,97.0,100.0,1.0,76.47,100.0,44.7,47.5,88.0,4622
1640,30.0,14.0,97.0,93.7,1.0,45.38,105.0,38.8,47.1,84.0,3367
1641,30.0,14.0,97.0,100.0,1.0,53.28,103.0,41.2,47.5,17.0,3529
1642,30.0,14.0,97.0,16.9,1.0,9.25,103.0,30.6,45.9,67.0,3308
1643,30.0,14.0,97.0,16.5,1.0,12.48,101.0,32.2,45.1,95.0,3347
1644,30.0,14.0,96.0,100.0,1.0,69.77,110.0,83.5,44.7,95.0,3441
1645,30.0,14.0,96.0,100.0,1.0,76.29,113.0,83.5,45.9,17.0,3738
1646,30.0,14.0,95.0,17.3,1.0,8.69,84.0,27.5,44.3,17.0,3528
1647,30.0,14.0,94.0,18.0,1.0,5.55,65.0,22.7,40.8,18.0,2192
1648,30.0,15.0,94.0,17.3,1.0,7.28,41.0,25.9,37.3,18.0,2877
1649,31.0,15.0,93.0,42.0,1.0,5.01,4.0,20.4,34.9,35.0,809
1650,31.0,15.0,93.0,40.0,1.0,4.42,0.0,20.4,32.9,31.0,767
1651,31.0,15.0,93.0,36.9,1.0,3.86,0.0,19.6,33.7,31.0,815
1652,31.0,15.0,93.0,38.8,1.0,3.87,8.0,20.0,34.9,62.0,797
1653,30.0,15.0,93.0,100.0,1.0,56.19,37.0,83.5,37.6,95.0,2454
1654,30.0,15.0,93.0,100.0,0.0,76.81,66.0,83.5,40.8,97.0,3732
1655,30.0,15.0,94.0,100.0,0.0,19.29,83.0,31.0,44.7,96.0,5994
1656,30.0,15.0,94.0,100.0,0.0,90.36,98.0,83.5,46.3,98.0,4272
1657,30.0,15.0,95.0,100.0,1.0,66.3,103.0,83.5,47.5,76.0,3350
1658,30.0,15.0,95.0,49.4,1.0,25.28,98.0,34.5,47.1,18.0,3419
1659,30.0,15.0,95.0,16.9,1.0,6.25,73.0,24.3,44.7,18.0,2593
1660,30.0,15.0,95.0,16.9,1.0,8.46,60.0,27.1,41.6,18.0,3387
1661,30.0,15.0,94.0,16.9,1.0,7.11,51.0,25.9,40.0,18.0,2831
1662,31.0,15.0,94.0,18.0,1.0,5.45,28.0,23.1,38.0,37.0,2078
1663,30.0,15.0,93.0,45.5,1.0,14.94,34.0,31.0,36.5,61.0,2291
1664,30.0,15.0,93.0,64.7,1.0,26.48,38.0,34.9,38.8,23.0,3009
1665,30.0,15.0,93.0,18.8,1.0,9.23,42.0,29.8,40.0,60.0,2936
1666,30.0,15.0,93.0,19.2,1.0,28.3,52.0,46.3,41.6,52.0,2536
1667,30.0,15.0,93.0,18.0,1.0,6.94,44.0,25.5,42.4,19.0,2507
1668,30.0,15.0,93.0,18.8,1.0,5.33,23.0,23.1,41.2,20.0,1978
1669,31.0,15.0,94.0,35.7,1.0,3.65,7.0,19.2,39.2,32.0,890
1670,32.0,15.0,94.0,35.3,1.0,4.16,1.0,20.4,38.0,33.0,801
1671,32.0,15.0,94.0,38.4,1.0,4.14,0.0,20.4,37.6,33.0,786
1672,32.0,15.0,95.0,34.5,1.0,4.02,0.0,20.0,38.4,31.0,804
1673,32.0,15.0,95.0,36.5,1.0,4.11,0.0,20.0,39.2,32.0,801
1674,32.0,15.0,96.0,35.7,1.0,4.03,0.0,20.0,40.0,31.0,796
1675,32.0,15.0,96.0,37.6,1.0,4.13,0.0,20.4,40.4,32.0,789
1676,32.0,15.0,97.0,35.7,1.0,3.96,0.0,20.0,40.8,36.0,799
1677,32.0,15.0,97.0,41.2,1.0,4.56,10.0,20.8,41.2,67.0,780
1678,31.0,15.0,98.0,100.0,1.0,37.66,23.0,32.2,42.7,50.0,2842
1679,31.0,15.0,98.0,43.5,1.0,20.06,34.0,32.9,43.9,97.0,2013
1680,30.0,15.0,99.0,100.0,1.0,71.46,61.0,83.5,45.9,98.0,3441
1682,31.0,15.0,100.0,17.6,1.0,9.43,56.0,27.8,48.6,18.0,3466
1683,31.0,15.0,100.0,18.0,1.0,6.71,50.0,25.5,44.7,35.0,2468
1684,31.0,15.0,100.0,40.4,1.0,14.29,47.0,29.8,43.1,19.0,2497
1685,31.0,15.0,99.0,46.7,1.0,17.49,49.0,32.2,42.0,49.0,2263
1686,31.0,15.0,99.0,18.4,1.0,6.72,49.0,25.1,42.4,81.0,2354
1687,31.0,15.0,98.0,26.3,1.0,6.92,48.0,25.1,42.4,31.0,2448
1688,31.0,15.0,97.0,19.2,1.0,6.81,45.0,25.1,41.2,50.0,2347
1689,31.0,15.0,96.0,23.5,1.0,6.4,27.0,25.1,41.2,19.0,2231
1690,31.0,15.0,96.0,23.1,1.0,12.02,41.0,33.3,38.4,97.0,1942
1691,30.0,15.0,95.0,100.0,0.0,84.08,67.0,83.5,41.2,96.0,3976
1693,30.0,16.0,93.0,100.0,1.0,107.37,73.0,83.1,43.5,100.0,5315
1695,30.0,16.0,93.0,44.3,1.0,15.7,82.0,31.0,46.7,17.0,4297
1699,31.0,16.0,91.0,81.6,1.0,25.98,40.0,43.1,34.1,96.0,1436
1700,30.0,16.0,91.0,18.4,0.0,13.97,59.0,30.6,38.0,99.0,5218
1701,30.0,16.0,91.0,100.0,1.0,63.31,74.0,83.5,40.8,96.0,2860
1702,30.0,16.0,91.0,100.0,1.0,68.52,87.0,45.1,43.1,73.0,3832
1703,30.0,16.0,91.0,100.0,1.0,55.74,90.0,47.5,43.9,65.0,2894
1704,30.0,16.0,91.0,17.3,1.0,7.93,86.0,28.6,43.9,50.0,2910
1705,31.0,16.0,91.0,16.9,1.0,7.22,72.0,25.9,43.1,18.0,2802
1706,30.0,16.0,91.0,17.6,1.0,4.38,64.0,20.8,40.4,101.0,1728
1707,30.0,16.0,91.0,100.0,0.0,69.99,82.0,83.5,40.0,97.0,3406
1708,30.0,16.0,91.0,100.0,0.0,88.53,76.0,83.5,42.4,18.0,4160
1709,30.0,16.0,90.0,18.0,1.0,9.07,69.0,29.8,41.2,92.0,3373
1710,30.0,16.0,90.0,18.0,1.0,8.71,59.0,27.1,40.8,27.0,3263
1711,30.0,16.0,90.0,100.0,1.0,60.74,75.0,46.3,39.6,27.0,3283
1712,30.0,16.0,90.0,18.0,1.0,10.43,71.0,29.0,39.2,19.0,3798
1713,30.0,16.0,89.0,18.8,1.0,7.47,61.0,25.9,34.9,96.0,2855
1714,30.0,16.0,89.0,100.0,1.0,66.32,78.0,83.5,35.3,96.0,3161
1715,30.0,16.0,89.0,100.0,0.0,84.35,90.0,83.5,39.2,25.0,4043
1716,30.0,16.0,89.0,31.8,1.0,64.29,58.0,45.9,40.8,19.0,4355
1717,30.0,16.0,89.0,20.0,1.0,4.89,36.0,22.0,35.7,66.0,1830
1718,30.0,16.0,89.0,100.0,1.0,65.51,60.0,49.4,34.9,18.0,3336
1719,29.0,16.0,89.0,100.0,1.0,65.85,79.0,83.5,38.4,100.0,3174
1720,29.0,17.0,89.0,100.0,0.0,85.52,94.0,83.5,41.2,96.0,4066
1721,29.0,17.0,89.0,100.0,0.0,100.64,106.0,83.5,43.9,97.0,4793
1722,29.0,17.0,89.0,100.0,0.0,107.45,107.0,83.1,45.9,27.0,5274
1723,29.0,17.0,90.0,100.0,1.0,108.31,112.0,83.5,45.5,38.0,5357
1724,29.0,17.0,90.0,17.3,1.0,13.67,101.0,30.6,44.3,18.0,5365
1725,29.0,17.0,90.0,16.9,1.0,11.05,43.0,29.4,41.6,19.0,4457
1726,29.0,17.0,89.0,17.6,1.0,6.46,43.0,25.5,34.9,96.0,2438
1727,29.0,17.0,89.0,100.0,0.0,91.93,67.0,83.5,37.3,98.0,4248
1728,29.0,17.0,90.0,17.6,1.0,13.92,54.0,30.6,40.8,17.0,5264
1729,29.0,17.0,90.0,18.8,1.0,9.81,38.0,27.8,38.8,95.0,3789
1730,29.0,17.0,90.0,100.0,0.0,81.62,68.0,83.5,37.6,95.0,3923
1731,29.0,17.0,91.0,17.6,1.0,15.66,59.0,31.4,41.6,19.0,5786
1732,29.0,17.0,92.0,18.0,1.0,10.9,18.0,29.4,38.4,19.0,4157
1733,30.0,17.0,92.0,51.4,1.0,6.39,17.0,23.5,32.9,90.0,730
1734,30.0,17.0,92.0,94.5,1.0,23.21,21.0,34.9,32.5,20.0,1790
1735,30.0,17.0,93.0,38.0,1.0,4.22,17.0,19.6,34.5,33.0,830
1736,31.0,17.0,94.0,36.5,1.0,4.04,20.0,20.4,33.3,33.0,790
1737,31.0,17.0,95.0,34.9,1.0,4.04,14.0,19.6,33.3,34.0,815
1738,31.0,17.0,95.0,39.6,1.0,4.35,0.0,20.4,33.3,34.0,784
1739,31.0,17.0,96.0,51.0,1.0,10.69,6.0,31.8,32.2,27.0,762
1740,31.0,17.0,96.0,34.9,1.0,3.55,0.0,19.2,32.2,38.0,795
1741,31.0,17.0,96.0,39.6,1.0,4.53,0.0,20.8,33.7,32.0,797
1742,32.0,17.0,97.0,0.0,1.0,0.0,0.0,23.9,34.5,100.0,0
