,ENGINE_COOLANT_TEMP,AMBIENT_AIR_TEMP,ENGINE_LOAD,MAF,THROTTLE_POS,SPEED,ENGINE_RPM,FUEL_LEVEL,LOG_ENGINE_RPM,LOG_MAF
38,81.0,4.0,76.1,16.44,32.2,30.0,1481,56.5,7.300472814943018,2.799717450455282
649,94.0,14.0,36.5,3.83,20.0,0.0,812,38.4,6.699500341393205,1.3428650642891264
367,88.0,7.0,100.0,37.65,43.1,54.0,2042,47.1,7.6216849992143265,3.628332980806327
614,88.0,13.0,100.0,47.2,83.5,67.0,2438,40.0,7.798933310451389,3.85439391377795
496,85.0,9.0,16.9,7.29,25.9,85.0,2851,45.9,7.955425089263426,1.9865036831947689
50,82.0,4.0,14.1,2.74,18.8,34.0,996,56.1,6.903747258588615,1.007958285363416
495,86.0,9.0,17.6,8.94,27.1,90.0,3315,49.0,8.106212902921621,2.1905357010422395
276,82.0,4.0,62.7,9.83,28.6,12.0,851,52.5,6.746412129748462,2.2854390358884697
30,81.0,4.0,60.4,10.3,29.0,28.0,1212,54.9,7.100027167454343,2.332143992322964
433,85.0,9.0,18.4,9.49,28.2,83.0,3645,50.2,8.201111644717107,2.250238717995909
287,84.0,4.0,45.5,7.54,24.7,23.0,1403,57.3,7.24636808081522,2.0202223146458507
659,100.0,15.0,18.0,6.71,25.5,50.0,2468,44.7,7.811163385430465,1.903599100014876
370,88.0,7.0,91.4,30.76,36.9,67.0,2267,50.2,7.72621265094864,3.426215177147196
188,84.0,4.0,66.7,13.04,30.6,31.0,1330,57.3,7.192934221967679,2.5680216331856203
93,84.0,4.0,18.0,3.4,20.4,37.0,1309,56.5,7.177018766673842,1.2237757257397197
126,83.0,4.0,39.6,6.79,25.1,35.0,1139,55.7,7.037905964325145,1.915451088845999
463,88.0,9.0,15.7,9.88,29.4,88.0,3407,49.4,8.13358741795448,2.290512612974346
524,85.0,11.0,100.0,85.45,83.5,129.0,4122,45.9,8.324093761693005,4.44793142126435
200,84.0,4.0,55.3,13.76,30.6,37.0,1683,57.6,7.428333194784983,2.6217659051796134
381,84.0,8.0,18.8,9.2,29.8,52.0,2110,46.3,7.654443226944045,2.219203592750641
76,84.0,4.0,39.6,4.41,20.0,26.0,734,57.6,6.598509029976913,1.483874916216099
483,88.0,9.0,100.0,109.97,35.3,79.0,5517,46.7,8.615589513453688,4.700207610416232
96,83.0,4.0,20.8,3.42,19.6,24.0,1160,55.7,7.056175284962479,1.229640843472132
573,85.0,11.0,100.0,33.61,40.8,40.0,1835,32.9,7.51479976103363,3.514823671490064
538,89.0,10.0,18.4,60.45,76.1,75.0,4308,51.0,8.368229038508405,4.101816593603399
676,91.0,16.0,16.9,7.22,25.9,72.0,2802,43.1,7.93808872725384,1.9768550914088805
213,84.0,4.0,52.2,9.87,28.6,40.0,1325,56.9,7.18916773917504,2.2894999547625074
7,89.0,4.0,62.4,9.48,28.2,15.0,1080,60.0,6.984716321044192,2.249184421752157
458,85.0,9.0,100.0,77.58,83.5,63.0,3697,44.3,8.215276959207122,4.351309674901741
249,83.0,4.0,42.4,7.78,26.3,28.0,1277,54.9,7.152268856815625,2.0515564667249966
27,81.0,4.0,49.4,7.81,26.7,32.0,1092,55.3,6.995766157220602,2.0554050918925597
153,83.0,4.0,20.8,3.17,20.0,25.0,1424,56.9,7.261225092674168,1.1537319033465527
122,82.0,4.0,19.2,3.65,20.0,35.0,1244,55.7,7.126087274102983,1.2947274415669654
355,94.0,4.0,19.2,4.77,25.9,36.0,1805,53.7,7.498315871320998,1.5623465145438338
459,88.0,9.0,100.0,109.97,35.3,79.0,5517,46.7,8.615589513453688,4.700207610416232
117,82.0,4.0,40.4,8.37,26.7,31.0,1431,54.9,7.266128780255263,2.1246540039756896
351,83.0,4.0,20.0,9.32,30.2,76.0,2341,52.9,7.758333467918079,2.232162735993631
24,81.0,4.0,22.0,3.57,19.2,32.0,1108,55.3,7.010311868209756,1.2725658759035532
389,88.0,7.0,82.7,25.07,34.9,67.0,2102,49.4,7.650644551912634,3.221671952058514
5,90.0,4.0,26.3,9.39,29.8,9.0,777,58.0,6.655440351654649,2.2396453997164385
128,82.0,4.0,53.7,12.65,30.2,35.0,1609,56.5,7.383368147613887,2.5376572942249096
191,86.0,4.0,50.6,8.39,27.1,34.0,1122,57.3,7.022868086973907,2.127040639668619
426,83.0,9.0,23.9,15.01,34.9,26.0,1587,40.4,7.369600721156528,2.7087167122676203
570,87.0,13.0,100.0,97.47,83.5,103.0,4610,43.9,8.435983136207614,4.579544648608685
592,88.0,12.0,100.0,102.76,83.5,146.0,4990,45.1,8.515191188945964,4.632396181973096
381,91.0,7.0,19.2,5.36,22.7,71.0,1978,52.9,7.589841512688219,1.6789641616498574
277,84.0,4.0,20.8,2.53,17.3,16.0,940,56.5,6.84587987632788,0.9282196979962676
321,94.0,4.0,81.6,10.41,29.4,13.0,906,54.5,6.809039307146732,2.3427669786883523
217,82.0,4.0,18.0,4.72,22.4,34.0,1758,56.1,7.471932078813951,1.5518090114618484
437,85.0,9.0,26.7,75.94,83.5,71.0,4438,47.8,8.397959103717866,4.329943567971947
250,83.0,4.0,40.4,6.45,24.7,33.0,1127,56.5,7.027314514927088,1.864080285846429
396,86.0,7.0,100.0,30.22,37.6,60.0,1816,51.0,7.504391559711899,3.4085039899352614
429,84.0,9.0,42.4,11.76,27.8,87.0,3665,47.8,8.206583614593603,2.464704027504491
97,85.0,4.0,37.3,6.62,25.1,38.0,1243,56.9,7.125283092315216,1.8900955210063075
39,82.0,4.0,18.8,3.25,18.8,19.0,1091,59.2,6.994849986749661,1.1786553040339065
287,86.0,4.0,39.2,4.34,20.4,7.0,783,54.5,6.663132697267942,1.4678745785270335
637,89.0,14.0,36.9,4.12,20.0,0.0,805,37.3,6.690842278660799,1.4158534060798522
109,82.0,4.0,21.2,3.34,18.8,39.0,1135,56.1,7.03438793079656,1.2059711063897618
320,94.0,4.0,39.6,4.53,20.8,0.0,805,54.5,6.690842278660799,1.5107221602454703
170,82.0,4.0,47.1,10.56,29.0,31.0,1518,55.7,7.325148958614337,2.357073372975081
634,88.0,14.0,17.6,6.56,25.1,27.0,2471,39.2,7.812378206393304,1.8809907553950105
593,88.0,12.0,100.0,95.28,53.3,148.0,4834,43.5,8.483429561470297,4.556819935542427
98,82.0,4.0,49.0,6.59,25.1,35.0,929,55.3,6.834108739890265,1.8855535002594723
9,89.0,4.0,56.5,14.34,31.0,18.0,1727,60.8,7.454141078725717,2.6630529049064786
238,83.0,4.0,28.2,4.82,21.6,35.0,1777,56.9,7.482681828717397,1.5727741355313671
340,83.0,4.0,17.6,4.64,22.4,51.0,1765,54.5,7.47590596993397,1.534714581755382
424,83.0,9.0,20.0,7.02,25.5,40.0,2361,41.6,7.766840537509062,1.948763360487852
207,84.0,4.0,53.7,13.35,30.6,32.0,1666,57.3,7.418180823327028,2.5915164597526226
447,87.0,9.0,100.0,73.02,83.5,66.0,3563,51.0,8.178358165886499,4.2907333899223685
678,91.0,16.0,100.0,69.99,83.5,82.0,3406,40.0,8.133293861516233,4.248352388989203
31,80.0,4.0,58.4,12.06,30.2,33.0,1443,55.3,7.274479559466871,2.489894274217776
359,91.0,7.0,100.0,25.54,61.2,44.0,1473,49.4,7.295056417141517,3.2402458897586603
232,83.0,4.0,19.6,3.62,20.4,39.0,1301,56.9,7.170888479281145,1.2864743020807354
652,96.0,15.0,37.6,4.13,20.4,0.0,789,40.4,6.670766322113302,1.4182776491036626
307,95.0,4.0,15.3,2.72,17.3,16.0,1137,55.3,7.036148494630043,1.0006322479548972
88,84.0,4.0,43.1,5.52,24.7,9.0,831,57.6,6.7226297960588175,1.7083780414484078
221,82.0,4.0,59.6,14.06,30.6,34.0,1610,56.1,7.383989458599626,2.643333957506272
467,87.0,9.0,43.1,5.69,26.7,7.0,751,45.5,6.621405653095692,1.7387104238851487
650,94.0,14.0,36.9,3.9,20.0,0.0,812,38.4,6.699500341393205,1.3609768095458243
16,85.0,4.0,36.9,8.52,27.1,32.0,1569,56.5,7.358193753370381,2.142416458212109
683,90.0,16.0,18.0,10.43,29.0,71.0,3798,39.2,8.242229891635528,2.3446863648899536
389,83.0,8.0,100.0,42.89,42.7,73.0,2399,49.8,7.782807263256535,3.758638721844247
186,84.0,4.0,79.6,7.95,28.6,13.0,723,55.7,6.58340922354189,2.0731720544523964
238,83.0,4.0,69.8,10.47,29.0,31.0,1021,57.3,6.928537819144098,2.3485141203934248
703,99.0,15.0,18.4,6.72,25.1,49.0,2354,42.4,7.7638712882450305,1.905088303344571
655,98.0,15.0,100.0,37.66,32.2,23.0,2842,42.7,7.952263309008911,3.628598549782378
415,84.0,8.0,18.8,5.87,23.9,64.0,2065,51.0,7.632885505879394,1.769854804197742
349,83.0,4.0,54.1,14.1,31.0,60.0,1817,51.8,7.504942068946529,2.646174868306106
299,86.0,4.0,38.4,4.13,20.4,7.0,776,54.5,6.654152521471879,1.4182776491036626
219,83.0,4.0,28.6,5.43,23.1,38.0,1295,55.7,7.166265974905839,1.6919393181078897
694,90.0,17.0,100.0,108.31,83.5,112.0,5357,45.5,8.586159396067632,4.684997495080403
408,86.0,9.0,38.8,18.55,32.9,100.0,3403,53.3,8.132412674794764,2.920469842961799
181,83.0,4.0,36.9,3.94,20.4,0.0,809,55.3,6.695798918294586,1.3711809771169168
628,94.0,14.0,18.0,5.55,22.7,65.0,2192,40.8,7.692569648524111,1.7137981079385072
497,85.0,9.0,50.2,15.16,31.4,86.0,2822,44.7,7.945201132767118,2.718660446177284
294,90.0,4.0,37.6,4.18,20.4,0.0,806,54.1,6.692083743747324,1.430311485771086
685,93.0,15.0,18.0,6.94,25.5,44.0,2507,42.4,7.826842098557177,1.937301918610922
697,98.0,15.0,43.5,20.06,32.9,34.0,2013,43.9,7.607381426136563,2.998727832384237
55,82.0,4.0,40.8,4.36,20.8,0.0,788,55.3,6.669498091126915,1.472472286718715
135,83.0,4.0,50.6,12.31,30.2,35.0,1650,58.4,7.408530567500687,2.510412021431127
233,83.0,4.0,19.2,3.52,20.4,37.0,1284,56.5,7.157735485028723,1.2584612737008745
730,89.0,16.0,100.0,65.51,49.4,60.0,3336,34.9,8.112527763778397,4.18220281800863
239,83.0,4.0,66.3,11.08,29.4,39.0,1137,57.3,7.036148494630043,2.405141771571841
367,83.0,4.0,35.7,20.16,34.5,70.0,2255,52.5,7.720905252380238,3.0037004928063413
689,89.0,16.0,100.0,65.51,49.4,60.0,3336,34.9,8.112527763778397,4.18220281800863
125,82.0,4.0,19.6,3.5,18.8,34.0,1183,55.7,7.075808864823696,1.252763254209613
184,83.0,4.0,37.3,4.26,20.4,0.0,779,55.7,6.658011047154445,1.4492693950230355
196,85.0,4.0,51.0,9.48,28.2,39.0,1296,57.3,7.167037877683825,2.249184421752157
145,83.0,4.0,19.6,3.1,18.8,30.0,1068,57.6,6.97354302045647,1.1314024340716935
569,86.0,13.0,100.0,79.28,83.5,90.0,3843,40.8,8.254008590825057,4.372985902635254
493,86.0,10.0,55.3,41.22,38.4,54.0,3389,44.3,8.128290171902124,3.718923599722381
669,93.0,15.0,36.9,3.86,19.6,0.0,815,33.7,6.7031881144678565,1.3506674425440637
184,83.0,4.0,40.4,4.69,20.8,6.0,789,55.3,6.670766322113302,1.5454327956777816
582,88.0,13.0,100.0,99.88,83.5,102.0,4704,45.9,8.456168489791049,4.603969475423587
90,84.0,4.0,62.0,13.87,31.0,32.0,1515,56.9,7.323170718603536,2.629728306424791
530,86.0,11.0,100.0,76.7,83.5,141.0,3832,46.3,8.251142139351712,4.33990172141102
12,89.0,4.0,57.3,10.11,28.6,28.0,1204,59.6,7.093404626699331,2.3135251319443437
636,94.0,15.0,100.0,19.29,31.0,83.0,5994,44.7,8.698514248043441,2.959586878757968
144,83.0,4.0,47.5,7.67,26.3,33.0,1099,57.6,7.00215595531354,2.037316745757253
667,93.0,15.0,42.0,5.01,20.4,4.0,809,34.9,6.695798918294586,1.611436114697552
301,93.0,4.0,38.4,4.37,20.8,0.0,786,54.5,6.666956793701472,1.4747632379404243
539,85.0,11.0,16.9,7.23,25.9,70.0,2802,40.8,7.93808872725384,1.9782391744832504
34,80.0,4.0,44.7,7.12,25.5,34.0,1124,55.3,7.0246490313433165,1.9629078658733128
183,83.0,4.0,38.0,4.29,20.4,0.0,804,55.3,6.689599270422748,1.4562869660401316
43,82.0,4.0,74.1,10.73,29.8,27.0,980,58.8,6.887552572685026,2.373043649839248
26,81.0,4.0,50.2,7.71,26.7,33.0,1078,55.3,6.982862752396587,2.042518317276916
547,86.0,12.0,100.0,105.08,83.5,112.0,5045,47.8,8.526152932985925,4.6547219743338974
235,82.0,4.0,46.7,11.02,29.4,30.0,1512,56.1,7.321188557400854,2.399711894468866
551,88.0,12.0,100.0,98.74,83.5,147.0,4761,49.0,8.46821300940456,4.592490142958325
189,83.0,4.0,36.9,3.94,20.4,0.0,809,55.3,6.695798918294586,1.3711809771169168
476,88.0,9.0,17.3,3.58,19.6,1.0,1485,42.4,7.3031700519102,1.2753630797421789
353,88.0,6.0,47.1,5.5,22.4,2.0,857,49.4,6.753437919764641,1.7047482740565905
181,83.0,4.0,40.8,4.26,19.6,20.0,771,55.7,6.647688374860346,1.4492693950230355
281,83.0,4.0,54.1,7.87,26.7,29.0,1014,55.3,6.921658185137321,2.063058189494107
445,87.0,9.0,56.9,16.17,32.5,17.0,1365,48.6,7.218909708351661,2.783157735431933
105,82.0,4.0,46.3,8.25,27.1,36.0,1185,56.1,7.077498054413113,2.110213321558704
33,81.0,4.0,43.1,7.39,26.3,27.0,1251,55.3,7.131698511266272,2.0001278702780985
555,85.0,11.0,100.0,90.17,83.5,132.0,4323,47.1,8.371704884898953,4.501696788601978
686,89.0,16.0,100.0,84.35,83.5,90.0,4043,39.2,8.304742269888111,4.434974820847342
646,93.0,15.0,18.0,6.94,25.5,44.0,2507,42.4,7.826842098557177,1.937301918610922
294,85.0,4.0,42.4,4.64,21.2,0.0,808,54.9,6.694562059758719,1.534714581755382
158,83.0,4.0,15.3,4.0,22.0,33.0,1570,55.7,7.358830898979296,1.3862946111198593
667,95.0,15.0,100.0,84.08,83.5,67.0,3976,41.2,8.288031568027973,4.4317687384621305
704,92.0,17.0,51.4,6.39,23.5,17.0,730,32.9,6.5930445355123,1.854734424883954
391,83.0,8.0,100.0,31.81,38.0,76.0,2085,51.0,7.642524134712518,3.459780737197707
674,91.0,16.0,100.0,55.74,47.5,90.0,2894,43.9,7.9703949075369716,4.020698039994239
503,84.0,9.0,18.4,10.1,28.2,56.0,3620,44.3,8.19422930509606,2.3125355228571096
513,86.0,9.0,96.1,24.54,33.7,50.0,2179,45.1,7.6866213354035455,3.200304480032561
121,82.0,4.0,40.8,7.31,25.9,37.0,1238,55.7,7.121252454052296,1.9892434105605836
132,83.0,4.0,14.1,3.22,23.1,19.0,1330,55.3,7.192934221967679,1.169381670115275
439,86.0,9.0,18.4,7.68,26.3,76.0,2807,49.4,7.939871576718135,2.038619677367905
665,94.0,14.0,18.0,5.55,22.7,65.0,2192,40.8,7.692569648524111,1.7137981079385072
593,88.0,14.0,100.0,71.27,83.5,63.0,3451,35.3,8.146419323387775,4.266475495544928
137,83.0,4.0,47.5,7.67,26.3,33.0,1099,57.6,7.00215595531354,2.037316745757253
638,89.0,14.0,38.8,4.13,20.0,0.0,794,38.4,6.677083462506581,1.4182776491036626
516,90.0,10.0,100.0,87.64,83.5,98.0,4182,47.5,8.3385448802277,4.473237526137581
84,84.0,4.0,62.0,13.87,31.0,32.0,1515,56.9,7.323170718603536,2.629728306424791
293,89.0,4.0,38.8,4.27,20.4,0.0,808,54.1,6.694562059758719,1.4516140614325432
409,85.0,9.0,78.0,40.44,38.0,105.0,3337,51.0,8.112827479051044,3.6998194188802622
578,88.0,13.0,35.3,5.5,23.1,25.0,786,34.1,6.666956793701472,1.7047482740565905
265,83.0,4.0,23.5,3.76,19.6,33.0,1124,54.9,7.0246490313433165,1.3244192233592145
354,94.0,4.0,100.0,16.25,28.6,27.0,2882,52.9,7.966239776906448,2.788092970314206
629,94.0,15.0,17.3,7.28,25.9,41.0,2877,37.3,7.964503363899132,1.9851309995712223
658,100.0,15.0,17.6,9.43,27.8,56.0,3466,48.6,8.150756470564069,2.243896202689899
185,83.0,4.0,40.4,4.31,20.4,0.0,786,55.7,6.666956793701472,1.4609381361341909
709,96.0,17.0,34.9,3.55,19.2,0.0,795,32.2,6.678342115912193,1.2669478851774256
410,83.0,8.0,100.0,35.89,42.0,77.0,2035,50.2,7.618251098368096,3.58045873302243
304,94.0,4.0,36.9,4.14,20.4,0.0,802,54.5,6.687108609113397,1.4206960293830877
137,83.0,4.0,59.6,14.03,31.0,31.0,1537,57.3,7.337587744189214,2.641197965390204
63,83.0,4.0,40.8,4.66,21.2,12.0,797,54.5,6.68085468004492,1.5390156627298062
501,84.0,9.0,46.7,89.35,81.2,69.0,3769,40.0,8.234564993532457,4.492561252797379
176,83.0,4.0,40.4,4.69,20.8,6.0,789,55.3,6.670766322113302,1.5454327956777816
660,97.0,14.0,16.9,9.25,30.6,103.0,3308,45.9,8.104099056445879,2.224623659632436
160,83.0,4.0,20.8,3.17,20.0,25.0,1424,56.9,7.261225092674168,1.1537319033465527
71,84.0,4.0,74.1,12.86,30.6,27.0,1187,56.5,7.0791843954521285,2.554121796569968
565,86.0,11.0,100.0,73.34,83.5,133.0,3669,44.3,8.207674424627836,4.295106176278304
583,87.0,12.0,100.0,87.09,83.5,133.0,4209,48.2,8.344980369008157,4.466942078187023
432,85.0,9.0,19.6,5.75,23.5,27.0,2051,45.5,7.6260827585599475,1.7492000287222875
663,98.0,15.0,26.3,6.92,25.1,48.0,2448,42.4,7.803026644040713,1.9344159141382384
379,91.0,7.0,100.0,58.37,52.9,65.0,2907,51.8,7.974876900902873,4.066802076347788
292,85.0,4.0,28.2,2.94,17.6,15.0,824,56.1,6.714170531123064,1.0784099214865868
750,95.0,17.0,39.6,4.35,20.4,0.0,784,33.3,6.664409021625918,1.4701760749856236
32,80.0,4.0,44.7,7.12,25.5,34.0,1124,55.3,7.0246490313433165,1.9629078658733128
127,82.0,4.0,60.4,12.29,30.2,32.0,1391,56.5,7.237778192642351,2.508786004944905
535,88.0,10.0,41.6,4.52,20.4,4.0,815,44.7,6.7031881144678565,1.5085122150830534
260,83.0,4.0,40.0,5.64,23.1,29.0,972,54.9,6.879355805489245,1.7298842428149164
639,95.0,15.0,49.4,25.28,34.5,98.0,3419,47.1,8.137103389931784,3.230013608835618
449,88.0,9.0,100.0,68.17,83.5,103.0,3943,54.5,8.279697134131242,4.222004600043904
180,83.0,4.0,36.9,4.34,20.4,0.0,805,54.9,6.690842278660799,1.4678745785270335
343,82.0,4.0,30.6,7.52,26.3,48.0,1697,53.7,7.436617265823502,2.017566270940463
34,81.0,4.0,69.0,14.05,31.0,29.0,1380,55.7,7.229838778875888,2.6426224669541294
141,83.0,4.0,38.4,4.14,20.8,4.0,777,55.7,6.655440351654649,1.4206960293830877
387,83.0,8.0,100.0,27.93,29.8,59.0,2456,47.5,7.806289289674199,3.32970141576088
622,88.0,14.0,100.0,56.97,83.5,67.0,2789,40.0,7.93343838798604,4.0425248310454025
585,88.0,12.0,100.0,98.74,83.5,147.0,4761,49.0,8.46821300940456,4.592490142958325
237,83.0,4.0,69.0,10.39,29.0,31.0,1059,57.3,6.965080346545694,2.340843901357522
364,83.0,3.0,17.6,5.25,26.3,62.0,1820,51.0,7.506591780620291,1.6582282670797048
81,84.0,4.0,69.0,11.82,30.2,17.0,1183,58.0,7.075808864823696,2.469793096580317
422,84.0,8.0,100.0,27.86,57.6,56.0,1584,48.6,7.367708573005684,3.327192004245413
722,90.0,16.0,18.0,8.71,27.1,59.0,3263,40.8,8.090402296899788,2.1644719056749677
20,83.0,4.0,32.2,7.6,26.3,35.0,1628,55.7,7.395107547176736,2.028148378871224
91,84.0,4.0,15.3,3.14,19.6,38.0,1252,56.5,7.132497552458766,1.1442231183914489
225,82.0,4.0,58.8,11.41,29.8,16.0,1316,53.7,7.182352112645141,2.4344902515163995
453,87.0,9.0,43.1,4.46,21.2,0.0,786,39.2,6.666956793701472,1.4951489902471942
414,84.0,8.0,63.5,18.41,32.5,76.0,2130,51.4,7.663877259172954,2.9128940495632905
717,91.0,16.0,16.9,7.22,25.9,72.0,2802,43.1,7.93808872725384,1.9768550914088805
266,82.0,4.0,30.2,5.58,24.7,25.0,1154,52.9,7.0509894479345965,1.719188955604673
522,87.0,10.0,18.4,11.69,29.8,73.0,4216,47.5,8.34664209045839,2.4587338610271727
129,82.0,4.0,36.9,4.11,20.4,0.0,797,54.1,6.68085468004492,1.4134232718171162
592,88.0,14.0,67.5,20.42,32.9,37.0,2118,36.1,7.658227526633495,3.016514861708115
37,81.0,4.0,77.6,17.64,32.5,31.0,1561,58.8,7.353081921156047,2.8701691072679862
666,94.0,15.0,17.3,7.28,25.9,41.0,2877,37.3,7.964503363899132,1.9851309995712223
276,84.0,4.0,48.6,5.92,24.3,18.0,890,56.5,6.791221463849781,1.778336617814819
395,86.0,7.0,100.0,28.26,45.1,65.0,1638,50.6,7.401231265023515,3.341447412642085
212,82.0,4.0,38.8,7.43,25.5,36.0,1278,55.7,7.153051635719953,2.0055259933191607
517,89.0,10.0,100.0,101.05,83.5,111.0,4945,49.0,8.506132244259037,4.615615453745721
108,83.0,4.0,20.4,3.23,18.8,32.0,1137,55.7,7.036148494630043,1.1724824468320405
561,86.0,11.0,100.0,76.7,83.5,141.0,3832,46.3,8.251142139351712,4.33990172141102
394,84.0,8.0,63.5,18.41,32.5,76.0,2130,51.4,7.663877259172954,2.9128940495632905
93,85.0,4.0,51.4,8.4,27.1,34.0,1226,57.3,7.111512117311817,2.12823182489688
220,82.0,4.0,25.9,6.37,24.7,33.0,1608,55.3,7.382746450360802,1.851599626569931
225,82.0,4.0,18.0,4.72,22.4,34.0,1758,56.1,7.471932078813951,1.5518090114618484
640,95.0,15.0,16.9,8.46,27.1,60.0,3387,41.6,8.127699853113018,2.1353492918214347
288,87.0,4.0,36.5,4.26,20.4,4.0,772,54.5,6.648984551320113,1.4492693950230355
173,83.0,4.0,40.8,4.26,19.6,20.0,771,55.7,6.647688374860346,1.4492693950230355
25,81.0,4.0,50.2,7.71,26.7,33.0,1078,55.3,6.982862752396587,2.042518317276916
403,85.0,9.0,21.6,3.22,18.4,16.0,1150,44.3,7.047517222226861,1.169381670115275
726,89.0,16.0,100.0,66.32,83.5,78.0,3161,35.3,8.058643712531973,4.194491525905447
546,89.0,10.0,100.0,101.05,83.5,111.0,4945,49.0,8.506132244259037,4.615615453745721
42,82.0,4.0,18.8,3.25,18.8,19.0,1091,59.2,6.994849986749661,1.1786553040339065
209,84.0,4.0,47.5,8.44,27.1,38.0,1236,57.6,7.119635638826698,2.132982427091271
85,85.0,4.0,80.0,12.14,30.6,35.0,1083,56.9,6.987490247924352,2.496505868003672
742,90.0,17.0,100.0,81.62,83.5,68.0,3923,37.6,8.274611946464459,4.402074342229558
97,82.0,4.0,53.7,9.93,28.6,29.0,1255,55.7,7.134890852362697,2.295560578762011
452,84.0,9.0,100.0,61.86,83.5,90.0,2980,49.0,7.99967857983502,4.1248737834224585
602,86.0,13.0,100.0,107.93,83.5,74.0,5126,37.3,8.5420809071191,4.68148287810252
273,83.0,4.0,20.0,3.72,18.8,13.0,901,54.5,6.803505258718216,1.3137239371022231
259,83.0,4.0,33.3,4.76,22.0,29.0,972,54.9,6.879355805489245,1.56024787832734
182,83.0,4.0,36.5,4.27,20.4,0.0,801,55.3,6.685860948316798,1.4516140614325432
349,82.0,4.0,22.4,2.32,20.0,45.0,1308,53.3,7.176254532781671,0.8415676167126085
346,83.0,3.0,18.0,5.39,23.1,55.0,1967,51.8,7.584264818897448,1.6845455704496457
303,87.0,4.0,40.4,4.54,20.8,0.0,793,54.5,6.675823222895882,1.5129272323175496
14,88.0,4.0,21.6,3.81,19.2,34.0,1098,58.4,7.001245622980223,1.3376294516057667
377,85.0,7.0,49.8,10.76,28.6,52.0,1702,50.6,7.439559309720863,2.3758356476704368
490,86.0,9.0,100.0,46.71,83.1,65.0,2429,42.7,7.795234929413865,3.843958295922708
244,82.0,4.0,40.0,6.73,25.1,31.0,1160,56.1,7.056175284962479,1.906575292245036
579,88.0,13.0,100.0,51.42,45.1,45.0,2654,36.9,7.883823215268943,3.940027221285429
532,86.0,11.0,39.2,74.39,49.8,132.0,3689,44.7,8.213110697867751,4.309321537645917
0,95.0,4.0,42.0,4.73,21.6,0.0,807,56.1,6.693323669509106,1.5539254139203098
419,83.0,9.0,19.6,9.23,27.5,59.0,3068,48.2,8.028781162813091,2.222459156857117
656,97.0,14.0,100.0,78.18,67.5,91.0,3816,46.7,8.246958032830232,4.359013873155804
66,84.0,4.0,85.1,11.55,30.6,23.0,935,55.7,6.840546530358206,2.446685523547885
413,84.0,8.0,83.1,24.68,34.9,77.0,2016,51.4,7.608870629687291,3.205993239555825
365,83.0,3.0,20.0,5.94,23.9,54.0,2058,51.4,7.629489916879903,1.781709301724708
619,97.0,14.0,100.0,78.18,67.5,91.0,3816,46.7,8.246958032830232,4.359013873155804
676,95.0,15.0,49.4,25.28,34.5,98.0,3419,47.1,8.137103389931784,3.230013608835618
113,83.0,4.0,46.3,8.38,26.7,36.0,1199,56.1,7.089243155861543,2.125848033825726
700,100.0,15.0,18.0,6.71,25.5,50.0,2468,44.7,7.811163385430465,1.903599100014876
552,88.0,12.0,100.0,101.16,83.5,150.0,4897,49.0,8.496378051906524,4.616703431687094
588,88.0,12.0,100.0,102.06,63.9,154.0,5063,48.2,8.52971447216742,4.625560885433983
363,91.0,7.0,100.0,39.9,43.5,73.0,2237,52.5,7.712890961937156,3.686376348958474
468,87.0,9.0,99.2,28.05,37.3,13.0,1797,48.2,7.493873887340042,3.3339886676193284
716,91.0,16.0,17.3,7.93,28.6,86.0,2910,43.9,7.975908360509181,2.0706531617501533
262,82.0,4.0,36.1,5.24,23.1,33.0,1070,55.3,6.975413928390531,1.6563216891726271
368,83.0,4.0,20.0,9.32,30.2,76.0,2341,52.9,7.758333467918079,2.232162735993631
417,83.0,8.0,24.3,8.33,28.2,40.0,1561,46.7,7.353081921156047,2.1198635762267632
99,83.0,4.0,23.9,1.98,17.6,31.0,933,55.3,6.838405201919155,0.6830973497568213
223,82.0,4.0,20.4,5.51,23.5,38.0,1848,56.9,7.521859252742755,1.70656480465301
151,83.0,4.0,37.6,4.08,20.4,13.0,789,54.9,6.670766322113302,1.4060972335140796
148,83.0,4.0,37.6,8.27,26.7,30.0,1501,56.1,7.313886832299684,2.112634629954577
510,85.0,9.0,42.0,4.54,21.2,2.0,787,39.2,6.668228249688052,1.5129272323175496
7,89.0,4.0,62.4,9.48,28.2,15.0,1080,60.0,6.984716321044192,2.249184421752157
316,93.0,4.0,38.4,4.37,20.8,0.0,786,54.5,6.666956793701472,1.4747632379404243
341,83.0,4.0,49.8,13.09,30.6,52.0,1626,54.1,7.393878290722762,2.5718486563159995
275,84.0,4.0,22.4,3.48,18.4,18.0,1064,56.9,6.969790670841439,1.2470325811426637
603,86.0,13.0,100.0,79.28,83.5,90.0,3843,40.8,8.254008590825057,4.372985902635254
654,97.0,15.0,41.2,4.56,20.8,10.0,780,41.2,6.6592939209656885,1.5173228428245162
218,83.0,4.0,18.0,3.48,20.4,39.0,1270,55.7,7.146772180240038,1.2470325811426637
244,83.0,4.0,18.8,3.37,20.0,37.0,1214,55.3,7.101675972443167,1.2149130411001314
133,83.0,4.0,54.5,12.71,30.6,32.0,1604,58.0,7.380255789049901,2.542389163879566
475,84.0,9.0,63.1,16.22,31.0,56.0,4052,43.5,8.306965865615366,2.786245110339546
465,87.0,9.0,16.9,7.48,25.9,45.0,3043,43.9,8.020599150225594,2.0122329256762166
102,82.0,4.0,21.2,3.34,18.8,39.0,1135,56.1,7.03438793079656,1.2059711063897618
92,84.0,4.0,39.6,7.71,26.3,40.0,1307,56.5,7.175489714389333,2.042518317276916
232,82.0,4.0,21.6,3.6,19.6,15.0,1169,54.5,7.0639039623275,1.2809341232398035
44,82.0,4.0,48.6,8.62,25.9,31.0,1414,58.8,7.2541778471637315,2.154085200684876
735,90.0,17.0,100.0,108.31,83.5,112.0,5357,45.5,8.586159396067632,4.684997495080403
16,85.0,4.0,36.9,8.52,27.1,32.0,1569,56.5,7.358193753370381,2.142416458212109
308,89.0,4.0,38.8,4.27,20.4,0.0,808,54.1,6.694562059758719,1.4516140614325432
441,83.0,9.0,19.6,9.23,27.5,59.0,3068,48.2,8.028781162813091,2.222459156857117
324,83.0,4.0,29.8,8.21,27.1,53.0,1804,54.9,7.497761701176893,2.1053530452670093
329,82.0,4.0,35.7,9.64,29.0,51.0,1651,53.3,7.409136444525822,2.2659212123568886
512,86.0,9.0,83.5,30.25,36.5,39.0,2313,42.7,7.746300662663778,3.409496217534701
665,96.0,15.0,23.5,6.4,25.1,27.0,2231,41.2,7.710205194880762,1.856298146615614
293,85.0,4.0,43.9,4.72,22.0,10.0,795,56.1,6.678342115912193,1.5518090114618484
543,84.0,12.0,19.6,7.28,25.9,20.0,2579,36.9,7.855157006269092,1.9851309995712223
130,83.0,4.0,35.7,4.21,20.4,0.0,807,54.1,6.693323669509106,1.437462885223953
166,83.0,4.0,24.7,3.52,19.6,34.0,1125,55.7,7.02553831552741,1.2584612737008745
118,82.0,4.0,19.6,3.5,18.8,34.0,1183,55.7,7.075808864823696,1.252763254209613
236,83.0,4.0,54.5,9.12,27.5,34.0,1157,56.9,7.053585728057981,2.2104699137353565
664,95.0,14.0,17.3,8.69,27.5,84.0,3528,44.3,8.16848641741013,2.1621730543520927
651,95.0,15.0,36.5,4.11,20.0,0.0,801,39.2,6.685860948316798,1.4134232718171162
360,83.0,3.0,19.6,9.29,27.8,61.0,3154,52.9,8.05642676784004,2.228938660468368
655,96.0,14.0,94.5,67.1,43.9,72.0,4593,45.1,8.432288684543517,4.2061840588807655
142,83.0,4.0,50.6,12.31,30.2,35.0,1650,58.4,7.408530567500687,2.510412021431127
700,90.0,17.0,18.8,9.81,27.8,38.0,3789,38.8,8.239857411282523,2.2834023755140658
248,83.0,4.0,28.2,4.82,21.6,35.0,1777,56.9,7.482681828717397,1.5727741355313671
617,88.0,13.0,19.2,13.78,30.6,85.0,4829,45.9,8.482394686080625,2.6232183381544503
457,88.0,9.0,79.2,17.22,31.4,25.0,1100,40.0,7.003065459695553,2.846071557071592
179,83.0,4.0,38.4,4.3,20.4,0.0,798,54.9,6.682108598702942,1.4586152552576293
151,83.0,4.0,50.2,10.95,29.4,29.0,1469,56.5,7.292337176854613,2.3933395475867063
708,95.0,15.0,100.0,84.08,83.5,67.0,3976,41.2,8.288031568027973,4.4317687384621305
326,96.0,4.0,40.8,4.75,21.2,0.0,810,53.7,6.697034248901052,1.5581448285728434
201,84.0,4.0,47.5,8.44,27.1,38.0,1236,57.6,7.119635638826698,2.132982427091271
281,85.0,4.0,37.6,4.28,20.4,0.0,807,54.5,6.693323669509106,1.453953243238538
284,84.0,4.0,60.4,11.7,29.8,27.0,1324,56.1,7.18841273725224,2.459588927273792
352,93.0,4.0,35.3,4.15,20.4,0.0,814,52.2,6.701960367231042,1.4231085752064334
101,83.0,4.0,62.7,16.6,32.2,41.0,1778,55.3,7.483244416636279,2.80940275560346
41,81.0,4.0,68.2,13.69,29.8,25.0,1540,59.2,7.339537696057025,2.6166657123463737
674,94.0,15.0,100.0,90.36,83.5,98.0,4272,46.3,8.359837380874113,4.503801702666646
242,83.0,4.0,17.6,2.76,18.8,33.0,1040,55.7,6.946975993096957,1.0152310420478337
157,83.0,4.0,43.1,9.67,28.2,30.0,1526,56.5,7.33040521249971,2.2690284128778138
743,91.0,17.0,17.6,15.66,31.4,59.0,5786,41.6,8.663196485708912,2.7511097544196152
166,82.0,4.0,36.5,8.17,26.7,31.0,1527,54.9,7.331060305873511,2.100469031270925
556,88.0,12.0,40.4,31.28,35.7,152.0,5143,47.1,8.545391845969355,3.442978947646419
420,83.0,8.0,19.2,4.72,22.4,33.0,1667,50.2,7.418780883350674,1.5518090114618484
193,86.0,4.0,52.2,8.78,27.5,35.0,1144,57.3,7.042286172813869,2.1724765215422357
465,86.0,9.0,39.6,4.32,20.4,0.0,782,42.4,6.661854741824084,1.4632556337374738
418,83.0,8.0,100.0,40.67,83.5,52.0,2201,48.6,7.6966670819808,3.705490744507281
312,96.0,4.0,36.5,4.61,21.2,0.0,797,54.1,6.68085468004492,1.5282280739282734
546,85.0,12.0,100.0,110.39,83.1,83.0,5713,43.1,8.650499558899503,4.704019559089052
455,85.0,9.0,100.0,54.74,83.5,53.0,2622,41.2,7.871692664705034,4.00259472188071
599,88.0,14.0,40.0,4.56,20.0,8.0,890,36.5,6.791221463849781,1.5173228428245162
119,82.0,4.0,41.2,7.24,25.9,34.0,1074,55.3,6.979145275999909,1.9796213445191624
318,94.0,4.0,37.3,4.14,20.4,0.0,805,54.5,6.690842278660799,1.4206960293830877
707,95.0,17.0,39.6,4.35,20.4,0.0,784,33.3,6.664409021625918,1.4701760749856236
316,99.0,4.0,41.6,4.44,20.8,9.0,796,54.9,6.679599187100664,1.4906546016693334
596,89.0,14.0,47.1,16.89,29.4,82.0,2764,45.1,7.924434185249355,2.826721790026338
580,88.0,13.0,100.0,47.2,83.5,67.0,2438,40.0,7.798933310451389,3.85439391377795
208,84.0,4.0,55.3,13.76,30.6,37.0,1683,57.6,7.428333194784983,2.6217659051796134
28,81.0,4.0,60.4,10.3,29.0,28.0,1212,54.9,7.100027167454343,2.332143992322964
194,86.0,4.0,51.8,8.97,27.5,37.0,1210,57.3,7.098375639417233,2.193885787553419
147,83.0,4.0,59.6,11.72,29.8,30.0,1346,55.7,7.204892510947615,2.461296869473095
657,97.0,14.0,100.0,76.47,44.7,100.0,4622,47.5,8.438582791050683,4.336898520133158
289,87.0,4.0,40.4,4.54,20.8,0.0,793,54.5,6.675823222895882,1.5129272323175496
485,88.0,9.0,100.0,17.36,31.8,104.0,4870,50.6,8.490849216281974,2.854168766835889
149,83.0,4.0,36.9,4.15,20.4,0.0,798,55.3,6.682108598702942,1.4231085752064334
350,83.0,4.0,18.0,3.97,21.2,50.0,1467,52.9,7.290974778824645,1.3787663465882365
600,88.0,14.0,37.6,4.19,20.0,0.0,804,36.1,6.689599270422748,1.4327009725975024
383,83.0,8.0,88.2,24.97,35.3,61.0,1953,48.2,7.577121931388712,3.2176751443397387
269,83.0,4.0,33.3,4.76,22.0,29.0,972,54.9,6.879355805489245,1.56024787832734
387,88.0,7.0,100.0,37.65,43.1,54.0,2042,47.1,7.6216849992143265,3.628332980806327
156,83.0,4.0,39.2,9.01,27.5,31.0,1539,56.5,7.338888134488652,2.1983351826080315
28,81.0,4.0,18.0,3.08,18.4,28.0,1058,55.3,6.964135613363425,1.1249299216607551
333,82.0,4.0,35.7,7.47,24.7,49.0,1411,53.7,7.252053952561531,2.0108951330135256
310,96.0,4.0,42.7,4.73,21.2,1.0,813,54.1,6.700731110777823,1.5539254139203098
672,93.0,15.0,100.0,76.81,83.5,66.0,3732,40.8,8.224699562235187,4.341334853029728
364,91.0,7.0,19.2,5.36,22.7,71.0,1978,52.9,7.589841512688219,1.6789641616498574
205,85.0,4.0,50.6,9.54,28.2,36.0,1293,57.3,7.164720379545253,2.2554935902819926
431,85.0,9.0,18.0,7.9,26.7,71.0,2902,49.0,7.973155433788723,2.0668628860552465
245,83.0,4.0,19.6,3.57,20.4,36.0,1248,55.3,7.129297549730655,1.2725658759035532
746,92.0,17.0,94.5,23.21,34.9,21.0,1790,32.5,7.48997089939346,3.144583263371222
300,86.0,4.0,39.6,4.49,20.4,8.0,782,54.5,6.661854741824084,1.5018529244712877
520,86.0,10.0,100.0,60.53,83.5,76.0,2870,45.5,7.962067309102099,4.103139126424329
538,85.0,11.0,92.9,49.09,39.2,114.0,3453,43.9,8.146998697679596,3.893655368440709
211,84.0,4.0,45.9,8.84,27.5,39.0,1296,57.6,7.167037877683825,2.1792869897717173
467,86.0,9.0,100.0,69.83,83.1,82.0,3388,45.5,8.127995056067105,4.246063731178436
21,83.0,4.0,22.4,4.37,22.0,36.0,1704,55.7,7.440733707976116,1.4747632379404243
255,83.0,4.0,19.6,3.57,20.4,36.0,1248,55.3,7.129297549730655,1.2725658759035532
497,86.0,10.0,17.6,9.49,28.2,78.0,3522,44.7,8.16678428934008,2.250238717995909
411,83.0,8.0,100.0,31.81,38.0,76.0,2085,51.0,7.642524134712518,3.459780737197707
211,83.0,4.0,28.6,5.43,23.1,38.0,1295,55.7,7.166265974905839,1.6919393181078897
739,89.0,17.0,100.0,91.93,83.5,67.0,4248,37.3,8.35420356315718,4.521027428753505
663,96.0,14.0,100.0,76.29,83.5,113.0,3738,45.9,8.22630598828303,4.334541881210016
610,88.0,13.0,16.9,9.15,27.8,66.0,3606,39.6,8.190354404040578,2.213753988577041
127,83.0,4.0,41.6,6.97,25.5,36.0,1174,55.7,7.068172001239831,1.9416153682444448
513,91.0,10.0,100.0,101.24,83.5,95.0,4939,51.8,8.504918160743095,4.617493945554442
618,96.0,14.0,94.5,67.1,43.9,72.0,4593,45.1,8.432288684543517,4.2061840588807655
610,93.0,14.0,18.4,5.9,23.5,25.0,2255,44.7,7.720905252380238,1.7749525204031849
282,85.0,4.0,36.5,4.12,20.4,0.0,822,54.5,6.711740396272725,1.4158534060798522
48,82.0,4.0,19.2,3.73,20.8,39.0,1321,56.9,7.186144305279328,1.316408501752203
153,83.0,4.0,63.9,10.38,29.0,26.0,1109,54.9,7.011213988252081,2.339880974076852
525,86.0,10.0,100.0,79.24,50.2,85.0,3992,45.5,8.292047637681856,4.372481234450239
549,88.0,10.0,100.0,72.88,83.5,119.0,3664,47.1,8.206310726066947,4.288814266672889
2,93.0,4.0,41.2,10.29,29.0,10.0,1692,56.9,7.433666540757185,2.331172647027683
435,84.0,9.0,96.1,51.38,83.5,61.0,1801,42.4,7.4960973457312035,3.9392490111445633
444,83.0,9.0,100.0,24.68,32.5,81.0,4242,48.2,8.352790135360365,3.205993239555825
635,93.0,15.0,100.0,76.81,83.5,66.0,3732,40.8,8.224699562235187,4.341334853029728
705,92.0,17.0,94.5,23.21,34.9,21.0,1790,32.5,7.48997089939346,3.144583263371222
197,85.0,4.0,50.6,9.54,28.2,36.0,1293,57.3,7.164720379545253,2.2554935902819926
699,90.0,17.0,17.6,13.92,30.6,54.0,5264,40.8,8.568646473195123,2.6333267267453517
323,95.0,4.0,18.4,3.4,20.0,13.0,1271,54.9,7.147559271976236,1.2237757257397197
192,86.0,4.0,54.5,8.88,27.5,34.0,1122,57.3,7.022868086973907,2.183801669616685
169,82.0,4.0,20.0,3.27,18.8,31.0,1067,55.3,6.97260625223896,1.184790290719513
611,88.0,13.0,16.5,7.78,26.3,30.0,3104,38.8,8.040446881625273,2.0515564667249966
631,93.0,15.0,40.0,4.42,20.4,0.0,767,32.9,6.642486802671037,1.4861399223339251
202,86.0,4.0,51.8,8.97,27.5,37.0,1210,57.3,7.098375639417233,2.193885787553419
133,82.0,4.0,69.8,19.96,32.5,27.0,1867,56.1,7.532088144077341,2.9937303209835173
163,82.0,4.0,21.6,3.16,18.8,33.0,1058,54.9,6.964135613363425,1.150572344054467
408,83.0,8.0,100.0,35.19,65.9,69.0,2042,48.6,7.6216849992143265,3.5607619797506573
388,88.0,7.0,25.1,22.18,33.7,60.0,2096,49.0,7.647786045918032,3.099191027007883
189,85.0,4.0,51.8,8.4,27.1,33.0,1108,57.6,7.010311868209756,2.12823182489688
677,95.0,15.0,16.9,6.25,24.3,73.0,2593,44.7,7.860570785924318,1.8325816237482973
95,85.0,4.0,45.5,7.73,26.3,36.0,1155,56.9,7.051855623821695,2.0451089919654284
702,99.0,15.0,46.7,17.49,32.2,49.0,2263,42.0,7.724446646075428,2.861629346206038
550,87.0,10.0,18.4,9.39,28.2,98.0,3492,45.1,8.158229917245862,2.2396453997164385
230,82.0,4.0,17.6,4.39,21.6,29.0,1621,55.3,7.390798522352579,1.479329454877487
317,99.0,4.0,41.6,4.51,20.8,8.0,802,54.9,6.687108609113397,1.5062973752440525
240,83.0,4.0,15.3,3.03,20.0,39.0,1304,57.3,7.1731917432534695,1.1085629495542266
436,83.0,9.0,100.0,66.59,83.5,79.0,3203,44.7,8.071843149921365,4.198554431139801
433,85.0,9.0,100.0,54.74,83.5,53.0,2622,41.2,7.871692664705034,4.00259472188071
596,87.0,13.0,100.0,106.95,83.5,159.0,5227,45.5,8.561592778904236,4.672361444878578
338,83.0,4.0,48.2,12.38,29.8,55.0,1912,54.9,7.555905094134359,2.5160823480318912
111,82.0,4.0,41.6,9.46,27.8,32.0,1543,55.3,7.341483853011249,2.2470724887720266
638,95.0,15.0,100.0,66.3,83.5,103.0,3350,47.5,8.11671562511762,4.194189912274773
584,88.0,13.0,19.6,11.48,29.8,72.0,4021,42.7,8.299285907145968,2.4406064779994305
510,90.0,10.0,100.0,81.0,83.5,91.0,3901,52.5,8.268988209763002,4.394449167018117
511,90.0,10.0,100.0,96.31,83.5,105.0,4627,53.7,8.439663989123122,4.567572165955911
264,83.0,4.0,34.1,5.11,21.6,3.0,819,53.3,6.708084085074071,1.6311995999103102
641,90.0,14.0,58.4,9.41,28.2,20.0,1060,41.2,6.966024188049509,2.2417730598672083
159,83.0,4.0,48.6,10.25,28.6,29.0,1451,56.9,7.280008253573368,2.327277803145388
253,82.0,4.0,33.3,5.41,23.1,33.0,1102,54.9,7.004881990620301,1.6882492777012568
458,88.0,9.0,100.0,19.74,32.9,59.0,5662,43.5,8.641532465848462,2.9826470846638955
359,82.0,4.0,72.5,16.57,32.2,55.0,1475,51.8,7.296413269451886,2.8075938917885
660,100.0,15.0,40.4,14.29,29.8,47.0,2497,43.1,7.822845290680254,2.65956006192078
412,84.0,9.0,18.0,6.39,24.7,47.0,2237,45.1,7.712890961937156,1.854734424883954
209,83.0,4.0,27.1,5.0,22.4,38.0,1269,56.1,7.14598446850241,1.6094381124340804
250,83.0,4.0,40.4,8.3,26.7,32.0,1422,55.3,7.259819611066421,2.116255635284473
302,93.0,4.0,38.4,4.4,20.8,0.0,799,54.5,6.683360947017839,1.481604768196917
670,93.0,15.0,38.8,3.87,20.0,8.0,797,34.9,6.68085468004492,1.35325476543959
62,82.0,4.0,36.1,4.26,20.4,0.0,803,54.5,6.688354715192092,1.4492693950230355
216,84.0,4.0,38.8,4.79,20.0,38.0,1234,56.1,7.118016205275706,1.5665306201910694
472,85.0,9.0,50.2,15.16,31.4,86.0,2822,44.7,7.945201132767118,2.718660446177284
534,86.0,11.0,100.0,73.34,83.5,133.0,3669,44.3,8.207674424627836,4.295106176278304
119,83.0,4.0,39.6,6.79,25.1,35.0,1139,55.7,7.037905964325145,1.915451088845999
4,90.0,4.0,69.8,9.2,27.5,8.0,955,57.3,6.861711341527851,2.219203592750641
687,94.0,15.0,35.7,3.65,19.2,7.0,890,39.2,6.791221463849781,1.2947274415669654
37,81.0,4.0,69.0,14.05,31.0,29.0,1380,55.7,7.229838778875888,2.6426224669541294
567,86.0,13.0,100.0,61.34,83.5,55.0,2851,31.8,7.955425089263426,4.116432174988681
313,97.0,4.0,42.4,4.67,21.6,0.0,792,54.1,6.674561393077052,1.5411592858135454
197,85.0,4.0,51.8,8.4,27.1,33.0,1108,57.6,7.010311868209756,2.12823182489688
625,88.0,14.0,18.4,6.56,25.1,31.0,2352,39.2,7.763021309443688,1.8809907553950105
99,84.0,4.0,39.6,7.71,26.3,40.0,1307,56.5,7.175489714389333,2.042518317276916
277,82.0,4.0,30.2,5.58,24.7,25.0,1154,52.9,7.0509894479345965,1.719188955604673
614,94.0,14.0,36.9,3.9,20.0,0.0,812,38.4,6.699500341393205,1.3609768095458243
14,88.0,4.0,21.6,3.81,19.2,34.0,1098,58.4,7.001245622980223,1.3376294516057667
569,85.0,11.0,100.0,70.75,83.5,132.0,3571,43.5,8.180600947874481,4.259152550657623
672,91.0,16.0,100.0,63.31,83.5,74.0,2860,40.8,7.958576904163548,4.148043310351328
574,88.0,13.0,18.0,10.02,28.6,82.0,3804,39.6,8.243808423928161,2.3045831954571128
290,84.0,4.0,60.4,8.26,26.7,20.0,928,56.5,6.833031733863787,2.1114247085982547
661,99.0,15.0,46.7,17.49,32.2,49.0,2263,42.0,7.724446646075428,2.861629346206038
136,83.0,4.0,21.6,2.77,19.2,33.0,1031,58.0,6.938284484986892,1.0188476812100125
643,93.0,15.0,45.5,14.94,31.0,34.0,2291,36.5,7.736743682889986,2.704042246639073
461,86.0,9.0,18.4,7.68,26.3,76.0,2807,49.4,7.939871576718135,2.038619677367905
401,84.0,8.0,18.8,9.2,29.8,52.0,2110,46.3,7.654443226944045,2.219203592750641
3,91.0,4.0,55.7,7.25,25.9,11.0,863,56.9,6.760414692242176,1.9810016067976084
393,87.0,7.0,17.6,4.73,22.4,60.0,1825,51.0,7.509335266564537,1.5539254139203098
707,96.0,15.0,23.1,12.02,33.3,41.0,1942,38.4,7.571473649366204,2.4865720123017336
445,83.0,9.0,19.2,10.09,28.6,33.0,3584,46.7,8.18423477437384,2.3115449334735403
633,93.0,15.0,38.8,3.87,20.0,8.0,797,34.9,6.68085468004492,1.35325476543959
81,83.0,4.0,19.6,3.61,20.4,23.0,1282,56.1,7.156176638260646,1.2837080493530617
503,85.0,10.0,41.2,4.6,20.8,0.0,779,38.8,6.658011047154445,1.52605652088633
106,83.0,4.0,23.9,1.98,17.6,31.0,933,55.3,6.838405201919155,0.6830973497568213
89,84.0,4.0,77.6,14.86,32.5,22.0,984,55.7,6.891625898068513,2.6986731065843617
585,88.0,14.0,20.4,4.33,21.2,29.0,1634,38.0,7.398786276031943,1.4655677729612542
322,95.0,4.0,15.3,2.72,17.3,16.0,1137,55.3,7.036148494630043,1.0006322479548972
488,86.0,10.0,33.7,12.03,29.8,47.0,2434,46.3,7.797291273958319,2.487403613112104
171,82.0,4.0,20.4,1.98,18.8,29.0,998,55.7,6.905753277313468,0.6830973497568213
443,83.0,9.0,100.0,65.34,83.5,82.0,3076,45.9,8.031385330950632,4.179604421477484
140,83.0,4.0,26.7,3.3,19.2,12.0,847,56.5,6.741700695832692,1.1939227715026917
247,83.0,4.0,21.2,2.89,18.8,26.0,936,54.9,6.841615477545968,1.0612568481450422
439,83.0,9.0,100.0,60.37,83.5,67.0,2859,44.7,7.958227192672084,4.100492309372854
547,89.0,10.0,65.1,36.81,36.9,115.0,3884,49.8,8.264620829668681,3.60576957455746
375,86.0,7.0,100.0,28.26,45.1,65.0,1638,50.6,7.401231265023515,3.341447412642085
202,84.0,4.0,47.8,8.71,27.5,38.0,1268,57.6,7.145196135785815,2.1644719056749677
577,88.0,13.0,16.5,7.78,26.3,30.0,3104,38.8,8.040446881625273,2.0515564667249966
70,84.0,4.0,85.1,11.55,30.6,23.0,935,55.7,6.840546530358206,2.446685523547885
164,83.0,4.0,32.5,6.82,25.1,31.0,1373,55.7,7.224753406496303,1.919859618482926
495,87.0,10.0,18.4,11.69,29.8,73.0,4216,47.5,8.34664209045839,2.4587338610271727
392,84.0,8.0,87.8,24.52,34.5,73.0,2067,51.4,7.633853560165561,3.199489151851044
204,84.0,4.0,44.7,7.75,26.3,37.0,1219,56.9,7.105786130301616,2.0476929723975053
309,95.0,4.0,35.7,4.44,20.8,4.0,806,54.5,6.692083743747324,1.4906546016693334
311,96.0,4.0,40.8,4.75,21.2,0.0,810,53.7,6.697034248901052,1.5581448285728434
398,85.0,7.0,100.0,35.77,54.5,70.0,1920,51.0,7.560080465542659,3.577109581227314
311,91.0,4.0,38.4,4.31,20.4,0.0,800,54.1,6.684611728917927,1.4609381361341909
518,89.0,10.0,65.1,36.81,36.9,115.0,3884,49.8,8.264620829668681,3.60576957455746
625,96.0,14.0,100.0,69.77,83.5,110.0,3441,44.7,8.143517406088094,4.245204132283953
628,88.0,14.0,100.0,71.27,83.5,63.0,3451,35.3,8.146419323387775,4.266475495544928
369,88.0,7.0,82.7,25.07,34.9,67.0,2102,49.4,7.650644551912634,3.221671952058514
243,83.0,4.0,22.7,3.71,19.2,36.0,1140,55.3,7.038783542265734,1.3110321461610863
295,85.0,4.0,37.6,4.28,20.4,0.0,807,54.5,6.693323669509106,1.453953243238538
556,85.0,11.0,100.0,94.96,83.5,136.0,4419,47.5,8.393668705357035,4.553455760832162
272,83.0,4.0,27.1,3.42,19.2,22.0,899,54.9,6.801283035583968,1.229640843472132
344,83.0,3.0,61.2,17.98,32.2,61.0,2058,52.2,7.629489916879903,2.889260084660825
551,87.0,11.0,100.0,67.82,83.5,107.0,3349,43.1,8.116417073092801,4.216857151442405
521,86.0,10.0,100.0,83.49,83.5,87.0,3992,48.2,8.292047637681856,4.424726876183391
689,94.0,15.0,38.4,4.14,20.4,0.0,786,37.6,6.666956793701472,1.4206960293830877
751,96.0,17.0,51.0,10.69,31.8,6.0,762,32.2,6.635946556998983,2.369308818582319
440,86.0,9.0,18.4,4.37,21.6,27.0,1705,45.5,7.441320390304128,1.4747632379404243
245,82.0,4.0,46.7,11.02,29.4,30.0,1512,56.1,7.321188557400854,2.399711894468866
553,86.0,11.0,100.0,79.82,83.5,122.0,3858,44.7,8.257904193724876,4.379774112148776
172,82.0,4.0,41.2,3.9,17.6,26.0,950,55.7,6.856461985647218,1.3609768095458243
615,95.0,14.0,46.7,7.92,27.1,13.0,832,38.8,6.723832442023132,2.0693913320889528
382,91.0,7.0,17.6,5.11,22.7,68.0,1898,51.4,7.548555979696744,1.6311995999103102
246,83.0,4.0,20.0,3.49,20.0,32.0,1179,55.3,7.072421901385548,1.2499020227472462
114,83.0,4.0,40.8,7.09,25.5,35.0,1229,56.1,7.113956110379704,1.9586854815877497
562,86.0,11.0,100.0,77.53,83.5,137.0,3846,46.3,8.254788926408736,4.350664971129101
557,88.0,12.0,65.5,49.57,38.8,150.0,5022,45.9,8.521583539916655,3.9033858322059753
485,86.0,9.0,63.1,13.3,30.6,22.0,1737,40.0,7.45991476681681,2.5877641104156752
442,83.0,9.0,18.8,8.69,27.1,58.0,2920,47.1,7.979338895604793,2.1621730543520927
376,86.0,7.0,100.0,30.22,37.6,60.0,1816,51.0,7.504391559711899,3.4085039899352614
647,93.0,14.0,41.6,4.5,20.4,0.0,803,40.8,6.688354715192092,1.5040776189984717
18,84.0,4.0,31.8,7.1,25.5,32.0,1572,56.1,7.360103973625284,1.9600949248923305
407,83.0,8.0,100.0,27.93,29.8,59.0,2456,47.5,7.806289289674199,3.32970141576088
500,84.0,9.0,63.1,16.22,31.0,56.0,4052,43.5,8.306965865615366,2.786245110339546
552,86.0,11.0,100.0,39.12,32.9,115.0,5402,43.9,8.594524534537678,3.666633870728989
427,83.0,9.0,100.0,60.42,83.5,54.0,2756,42.0,7.9215356324963935,4.101320192509337
548,87.0,12.0,18.8,49.67,33.7,125.0,5657,49.0,8.640648995519928,3.905401149252136
463,86.0,9.0,18.4,4.37,21.6,27.0,1705,45.5,7.441320390304128,1.4747632379404243
482,88.0,9.0,100.0,19.74,32.9,59.0,5662,43.5,8.641532465848462,2.9826470846638955
466,86.0,9.0,100.0,46.71,83.1,65.0,2429,42.7,7.795234929413865,3.843958295922708
481,88.0,9.0,79.2,17.22,31.4,25.0,1100,40.0,7.003065459695553,2.846071557071592
732,89.0,17.0,100.0,85.52,83.5,94.0,4066,41.2,8.310414994434234,4.44875027840996
31,80.0,4.0,44.7,7.18,25.9,34.0,1134,55.3,7.033506485169531,1.971299522335889
584,88.0,12.0,100.0,94.74,83.5,142.0,4485,48.6,8.408493774715861,4.551136308050809
228,82.0,4.0,25.9,6.37,24.7,33.0,1608,55.3,7.382746450360802,1.851599626569931
643,91.0,14.0,100.0,97.07,83.5,65.0,4562,46.7,8.425516403063536,4.575432378025979
600,87.0,13.0,16.9,6.47,24.7,27.0,2616,32.9,7.869401712959352,1.8671762630723023
273,84.0,4.0,60.0,11.61,29.8,27.0,1341,56.5,7.201170884027391,2.4518668818424407
710,96.0,17.0,39.6,4.53,20.8,0.0,797,33.7,6.68085468004492,1.5107221602454703
62,83.0,4.0,51.4,10.28,29.0,23.0,1356,54.9,7.212294469237804,2.3302003573032786
460,88.0,9.0,100.0,85.05,83.5,95.0,4087,48.6,8.315566483808956,4.44323933059966
143,83.0,4.0,21.6,2.77,19.2,33.0,1031,58.0,6.938284484986892,1.0188476812100125
201,86.0,4.0,52.2,8.78,27.5,35.0,1144,57.3,7.042286172813869,2.1724765215422357
291,88.0,4.0,38.8,4.38,20.8,0.0,794,54.1,6.677083462506581,1.477048952698831
296,85.0,4.0,36.5,4.12,20.4,0.0,822,54.5,6.711740396272725,1.4158534060798522
419,83.0,8.0,72.2,6.53,23.5,52.0,1738,50.2,7.460490306400711,1.8764070964276849
715,91.0,16.0,100.0,55.74,47.5,90.0,2894,43.9,7.9703949075369716,4.020698039994239
648,94.0,14.0,43.1,4.41,20.8,0.0,791,38.8,6.673297969031877,1.483874916216099
436,85.0,9.0,100.0,77.58,83.5,63.0,3697,44.3,8.215276959207122,4.351309674901741
637,94.0,15.0,100.0,90.36,83.5,98.0,4272,46.3,8.359837380874113,4.503801702666646
469,87.0,9.0,56.9,16.17,32.5,17.0,1365,48.6,7.218909708351661,2.783157735431933
491,86.0,9.0,100.0,69.83,83.1,82.0,3388,45.5,8.127995056067105,4.246063731178436
579,85.0,12.0,100.0,110.39,83.1,83.0,5713,43.1,8.650499558899503,4.704019559089052
566,87.0,13.0,16.9,6.47,24.7,27.0,2616,32.9,7.869401712959352,1.8671762630723023
162,82.0,4.0,19.6,3.05,18.8,31.0,1040,55.3,6.946975993096957,1.115141918488119
571,87.0,13.0,100.0,26.24,32.9,101.0,5176,46.3,8.551787836373936,3.2672850021856434
58,82.0,4.0,40.8,4.36,20.8,0.0,788,55.3,6.669498091126915,1.472472286718715
529,86.0,11.0,100.0,78.81,83.5,140.0,3806,46.7,8.244334048118837,4.367039905054304
564,86.0,11.0,100.0,68.64,50.2,134.0,3607,44.3,8.190631681180777,4.228875469748472
190,83.0,4.0,36.5,4.27,20.4,0.0,801,55.3,6.685860948316798,1.4516140614325432
357,82.0,4.0,42.4,8.19,29.0,49.0,1202,50.2,7.0917421159271,2.1029140199650924
261,83.0,4.0,36.9,8.89,27.5,32.0,1626,55.3,7.393878290722762,2.1849271620117463
344,82.0,4.0,35.7,9.64,29.0,51.0,1651,53.3,7.409136444525822,2.2659212123568886
632,93.0,15.0,36.9,3.86,19.6,0.0,815,33.7,6.7031881144678565,1.3506674425440637
586,88.0,12.0,100.0,101.16,83.5,150.0,4897,49.0,8.496378051906524,4.616703431687094
395,84.0,8.0,18.8,5.87,23.9,64.0,2065,51.0,7.632885505879394,1.769854804197742
150,83.0,4.0,43.1,9.67,28.2,30.0,1526,56.5,7.33040521249971,2.2690284128778138
354,88.0,6.0,36.5,4.27,20.4,0.0,860,50.2,6.756932390410344,1.4516140614325432
230,83.0,4.0,66.3,11.08,29.4,39.0,1137,57.3,7.036148494630043,2.405141771571841
528,86.0,10.0,17.6,2.95,19.2,21.0,1339,43.1,7.199678346437999,1.081805509334722
112,82.0,4.0,46.3,8.25,27.1,36.0,1185,56.1,7.077498054413113,2.110213321558704
343,83.0,3.0,19.6,9.29,27.8,61.0,3154,52.9,8.05642676784004,2.228938660468368
753,96.0,17.0,39.6,4.53,20.8,0.0,797,33.7,6.68085468004492,1.5107221602454703
639,89.0,14.0,40.4,4.27,20.4,0.0,791,39.6,6.673297969031877,1.4516140614325432
473,88.0,9.0,100.0,68.17,83.5,103.0,3943,54.5,8.279697134131242,4.222004600043904
616,95.0,14.0,100.0,40.15,36.9,39.0,2601,43.1,7.863651265833119,3.69262246529937
599,87.0,13.0,16.9,8.8,27.1,73.0,3463,38.0,8.14989054469119,2.174751835120518
199,84.0,4.0,53.7,13.35,30.6,32.0,1666,57.3,7.418180823327028,2.5915164597526226
357,90.0,7.0,100.0,47.15,32.9,34.0,3081,48.6,8.033009498921238,3.853334030288374
361,92.0,7.0,20.4,7.08,25.5,55.0,2278,51.4,7.731053144446109,1.9572740489485565
68,84.0,4.0,68.2,13.71,31.0,29.0,1359,57.3,7.214504414886979,2.6181255665136804
303,94.0,4.0,37.3,4.14,20.4,0.0,805,54.5,6.690842278660799,1.4206960293830877
10,89.0,4.0,61.2,8.45,27.1,20.0,934,60.4,6.839476439299506,2.1341665597122708
21,83.0,4.0,22.4,4.37,22.0,36.0,1704,55.7,7.440733707976116,1.4747632379404243
40,81.0,4.0,77.6,17.64,32.5,31.0,1561,58.8,7.353081921156047,2.8701691072679862
604,87.0,13.0,100.0,97.47,83.5,103.0,4610,43.9,8.435983136207614,4.579544648608685
98,84.0,4.0,15.3,3.14,19.6,38.0,1252,56.5,7.132497552458766,1.1442231183914489
378,85.0,7.0,100.0,35.77,54.5,70.0,1920,51.0,7.560080465542659,3.577109581227314
422,83.0,9.0,100.0,24.68,32.5,81.0,4242,48.2,8.352790135360365,3.205993239555825
286,86.0,4.0,39.6,4.49,20.4,8.0,782,54.5,6.661854741824084,1.5018529244712877
476,84.0,9.0,46.7,89.35,81.2,69.0,3769,40.0,8.234564993532457,4.492561252797379
84,83.0,4.0,45.1,6.6,25.9,9.0,1004,56.1,6.911747301247691,1.88706980054752
372,87.0,7.0,71.4,19.53,32.9,68.0,1860,51.0,7.5283317672448815,2.9719517960918638
231,83.0,4.0,15.3,3.03,20.0,39.0,1304,57.3,7.1731917432534695,1.1085629495542266
451,88.0,9.0,16.9,8.62,27.1,43.0,3313,46.7,8.105609402601736,2.154085200684876
89,85.0,4.0,45.5,7.96,26.7,37.0,1244,56.9,7.126087274102983,2.0744291254844245
725,89.0,16.0,18.8,7.47,25.9,61.0,2855,34.9,7.956827122440373,2.0108951330135256
164,82.0,4.0,23.1,3.55,19.2,32.0,1086,54.9,6.990256501414692,1.2669478851774256
227,83.0,4.0,54.5,9.12,27.5,34.0,1157,56.9,7.053585728057981,2.2104699137353565
657,99.0,15.0,100.0,71.46,83.5,61.0,3441,45.9,8.143517406088094,4.269137866589106
57,82.0,4.0,18.0,3.84,21.6,25.0,1514,56.5,7.322510434657896,1.3454726270162682
577,84.0,12.0,76.1,13.96,31.0,33.0,1762,35.3,7.474204807063661,2.636196168967462
533,86.0,11.0,100.0,68.64,50.2,134.0,3607,44.3,8.190631681180777,4.228875469748472
77,84.0,4.0,36.9,7.09,25.5,30.0,1348,57.3,7.206377292214092,1.9586854815877497
179,82.0,4.0,20.4,1.98,18.8,29.0,998,55.7,6.905753277313468,0.6830973497568213
524,86.0,10.0,17.6,9.49,28.2,78.0,3522,44.7,8.16678428934008,2.250238717995909
72,84.0,4.0,39.6,4.41,20.0,26.0,734,57.6,6.598509029976913,1.483874916216099
471,87.0,9.0,100.0,73.02,83.5,66.0,3563,51.0,8.178358165886499,4.2907333899223685
213,82.0,4.0,59.6,14.06,30.6,34.0,1610,56.1,7.383989458599626,2.643333957506272
65,83.0,4.0,20.4,2.95,18.8,17.0,1109,55.7,7.011213988252081,1.081805509334722
310,90.0,4.0,39.2,4.15,20.4,0.0,808,54.1,6.694562059758719,1.4231085752064334
606,88.0,13.0,100.0,104.11,83.5,116.0,5196,45.5,8.555644377982945,4.645448042091886
428,85.0,9.0,45.5,5.16,23.5,9.0,726,42.0,6.587550016202207,1.6409367732919022
396,83.0,8.0,24.3,8.33,28.2,40.0,1561,46.7,7.353081921156047,2.1198635762267632
527,86.0,10.0,17.6,7.63,25.9,66.0,2840,46.7,7.951559331507364,2.032087976357956
165,82.0,4.0,22.4,3.29,19.2,31.0,1081,54.9,6.985641818564278,1.1908878687286022
374,87.0,7.0,17.6,4.12,22.0,58.0,1586,50.2,7.36897040282531,1.4158534060798522
256,83.0,4.0,22.7,3.42,19.2,31.0,1070,54.9,6.975413928390531,1.229640843472132
10,89.0,4.0,61.2,8.45,27.1,20.0,934,60.4,6.839476439299506,2.1341665597122708
223,82.0,4.0,21.6,3.6,19.6,15.0,1169,54.5,7.0639039623275,1.2809341232398035
494,85.0,9.0,100.0,70.16,83.5,103.0,3487,50.2,8.156797046962431,4.250778362317063
198,85.0,4.0,46.7,12.1,29.8,34.0,1766,57.3,7.476472381730157,2.49320553524732
530,85.0,10.0,41.2,4.6,20.8,0.0,779,38.8,6.658011047154445,1.52605652088633
19,83.0,4.0,32.2,7.48,25.9,32.0,1570,55.7,7.358830898979296,2.0122329256762166
605,90.0,14.0,58.4,9.41,28.2,20.0,1060,41.2,6.966024188049509,2.2417730598672083
502,84.0,9.0,22.7,15.05,32.2,78.0,5523,42.7,8.616676470082249,2.711378057640065
149,83.0,4.0,39.2,9.01,27.5,31.0,1539,56.5,7.338888134488652,2.1983351826080315
571,85.0,11.0,16.9,7.23,25.9,70.0,2802,40.8,7.93808872725384,1.9782391744832504
479,84.0,9.0,100.0,61.93,83.5,60.0,2991,42.7,8.003363058964284,4.1260047310972325
405,83.0,8.0,27.1,4.94,23.1,37.0,1987,49.4,7.594381243055088,1.5973655336289605
200,86.0,4.0,54.5,8.88,27.5,34.0,1122,57.3,7.022868086973907,2.183801669616685
383,91.0,7.0,18.0,4.66,22.7,55.0,1814,49.8,7.50328963122635,1.5390156627298062
27,81.0,4.0,23.5,3.46,18.8,24.0,924,55.3,6.828712072723936,1.241268878086932
696,98.0,15.0,100.0,37.66,32.2,23.0,2842,42.7,7.952263309008911,3.628598549782378
668,93.0,15.0,40.0,4.42,20.4,0.0,767,32.9,6.642486802671037,1.4861399223339251
330,82.0,4.0,18.0,4.56,22.0,53.0,1697,53.3,7.436617265823502,1.5173228428245162
666,96.0,15.0,23.1,12.02,33.3,41.0,1942,38.4,7.571473649366204,2.4865720123017336
299,92.0,4.0,37.6,4.12,20.8,0.0,802,54.5,6.687108609113397,1.4158534060798522
446,83.0,9.0,20.0,7.02,25.5,40.0,2361,41.6,7.766840537509062,1.948763360487852
203,84.0,4.0,45.9,8.84,27.5,39.0,1296,57.6,7.167037877683825,2.1792869897717173
375,91.0,7.0,20.8,3.14,18.4,27.0,1091,48.2,6.994849986749661,1.1442231183914489
39,81.0,4.0,76.9,17.29,32.5,30.0,1484,57.6,7.3024964244011805,2.850128357532097
268,82.0,4.0,53.7,11.29,29.4,29.0,1439,54.1,7.271703707582295,2.4239174667355257
499,86.0,10.0,22.4,7.51,25.9,85.0,2800,46.3,7.937374696520438,2.016235598931827
72,84.0,4.0,68.2,13.71,31.0,29.0,1359,57.3,7.214504414886979,2.6181255665136804
745,92.0,17.0,51.4,6.39,23.5,17.0,730,32.9,6.5930445355123,1.854734424883954
627,95.0,14.0,17.3,8.69,27.5,84.0,3528,44.3,8.16848641741013,2.1621730543520927
741,90.0,17.0,18.8,9.81,27.8,38.0,3789,38.8,8.239857411282523,2.2834023755140658
79,83.0,4.0,38.0,4.4,20.4,0.0,782,56.1,6.661854741824084,1.481604768196917
540,90.0,10.0,100.0,96.31,83.5,105.0,4627,53.7,8.439663989123122,4.567572165955911
400,84.0,8.0,100.0,27.86,57.6,56.0,1584,48.6,7.367708573005684,3.327192004245413
167,83.0,4.0,20.8,3.45,19.6,35.0,1162,55.7,7.057897938272442,1.238374520898299
398,83.0,8.0,72.2,6.53,23.5,52.0,1738,50.2,7.460490306400711,1.8764070964276849
362,91.0,7.0,100.0,58.37,52.9,65.0,2907,51.8,7.974876900902873,4.066802076347788
4,90.0,4.0,69.8,9.2,27.5,8.0,955,57.3,6.861711341527851,2.219203592750641
314,97.0,4.0,36.9,4.38,20.4,0.0,806,54.1,6.692083743747324,1.477048952698831
662,96.0,14.0,100.0,69.77,83.5,110.0,3441,44.7,8.143517406088094,4.245204132283953
306,88.0,4.0,38.8,4.38,20.8,0.0,794,54.1,6.677083462506581,1.477048952698831
338,94.0,4.0,100.0,16.25,28.6,27.0,2882,52.9,7.966239776906448,2.788092970314206
388,83.0,8.0,100.0,35.19,65.9,69.0,2042,48.6,7.6216849992143265,3.5607619797506573
531,86.0,10.0,43.9,4.65,20.8,0.0,795,39.6,6.678342115912193,1.5368674346530051
114,82.0,4.0,17.3,3.48,20.4,39.0,1380,55.7,7.229838778875888,1.2470325811426637
187,83.0,4.0,38.4,4.3,20.4,0.0,798,54.9,6.682108598702942,1.4586152552576293
145,83.0,4.0,49.8,8.84,22.7,18.0,1640,54.9,7.402451521428,2.1792869897717173
469,85.0,9.0,100.0,66.52,83.5,103.0,3228,49.8,8.07961802969963,4.1975026693578
86,84.0,4.0,62.7,16.79,32.2,9.0,1767,57.3,7.477038472885628,2.820783530648709
531,86.0,11.0,100.0,77.53,83.5,137.0,3846,46.3,8.254788926408736,4.350664971129101
96,85.0,4.0,45.5,7.96,26.7,37.0,1244,56.9,7.126087274102983,2.0744291254844245
675,91.0,16.0,17.3,7.93,28.6,86.0,2910,43.9,7.975908360509181,2.0706531617501533
239,83.0,4.0,40.4,6.72,25.1,34.0,1153,56.5,7.050122521136362,1.905088303344571
366,88.0,7.0,100.0,43.1,53.3,41.0,1912,44.7,7.555905094134359,3.763523020311558
74,84.0,4.0,33.7,7.63,25.9,33.0,1536,56.9,7.33693691435866,2.032087976357956
540,85.0,11.0,17.6,3.51,19.2,20.0,1379,35.7,7.229113878518465,1.2556163223780188
305,94.0,4.0,39.6,4.53,20.8,0.0,805,54.5,6.690842278660799,1.5107221602454703
452,88.0,9.0,17.3,3.58,19.6,1.0,1485,42.4,7.3031700519102,1.2753630797421789
125,83.0,4.0,14.1,3.22,23.1,19.0,1330,55.3,7.192934221967679,1.169381670115275
673,91.0,16.0,100.0,68.52,45.1,87.0,3832,43.1,8.251142139351712,4.227125688050198
138,83.0,4.0,19.6,3.1,18.8,30.0,1068,57.6,6.97354302045647,1.1314024340716935
78,83.0,4.0,37.6,5.38,23.1,20.0,1001,56.1,6.908754780314221,1.6826885600472816
236,82.0,4.0,59.2,13.38,30.6,33.0,1528,56.1,7.331714970380916,2.5937611294384952
126,82.0,4.0,69.8,19.96,32.5,27.0,1867,56.1,7.532088144077341,2.9937303209835173
177,82.0,4.0,48.2,10.4,29.0,30.0,1479,55.3,7.299121463386933,2.3418059023011684
2,93.0,4.0,41.2,10.29,29.0,10.0,1692,56.9,7.433666540757185,2.331172647027683
626,88.0,14.0,48.2,4.97,22.0,26.0,739,36.5,6.605297922301382,1.6034200413157609
616,88.0,13.0,100.0,99.88,83.5,102.0,4704,45.9,8.456168489791049,4.603969475423587
15,85.0,4.0,38.0,8.33,26.7,31.0,1486,56.5,7.3038432259506525,2.1198635762267632
241,83.0,4.0,40.4,6.42,24.3,32.0,1103,56.1,7.005789020160121,1.8594182734650972
694,97.0,15.0,35.7,3.96,20.0,0.0,799,40.8,6.683360947017839,1.3762442777916095
711,91.0,16.0,81.6,25.98,43.1,40.0,1436,34.1,7.269616750304548,3.2573270497336
451,84.0,9.0,42.4,11.76,27.8,87.0,3665,47.8,8.206583614593603,2.464704027504491
71,84.0,4.0,26.3,3.16,18.8,26.0,899,57.6,6.801283035583968,1.150572344054467
536,88.0,10.0,100.0,26.79,35.7,37.0,1826,45.9,7.509883061702559,3.2880287208838777
508,88.0,10.0,100.0,26.79,35.7,37.0,1826,45.9,7.509883061702559,3.2880287208838777
680,90.0,16.0,18.0,9.07,29.8,69.0,3373,41.2,8.123557835358122,2.204972374380622
101,83.0,4.0,36.1,4.0,19.2,31.0,836,56.1,6.728628614280874,1.3862946111198593
684,93.0,15.0,19.2,28.3,46.3,52.0,2536,41.6,7.838343315951438,3.3428618399848804
470,85.0,9.0,100.0,70.16,83.5,103.0,3487,50.2,8.156797046962431,4.250778362317063
680,94.0,15.0,18.0,5.45,23.1,28.0,2078,38.0,7.639161172140405,1.6956157921613744
748,94.0,17.0,36.5,4.04,20.4,20.0,790,33.3,6.67203294672689,1.3962449394977805
222,82.0,4.0,17.6,4.39,21.6,29.0,1621,55.3,7.390798522352579,1.479329454877487
613,88.0,13.0,100.0,51.42,45.1,45.0,2654,36.9,7.883823215268943,3.940027221285429
152,83.0,4.0,49.8,8.84,22.7,18.0,1640,54.9,7.402451521428,2.1792869897717173
257,83.0,4.0,21.2,2.89,18.8,26.0,936,54.9,6.841615477545968,1.0612568481450422
105,82.0,4.0,49.0,6.59,25.1,35.0,929,55.3,6.834108739890265,1.8855535002594723
77,83.0,4.0,20.8,3.66,19.2,20.0,1109,56.1,7.011213988252081,1.2974634206372813
644,92.0,14.0,100.0,70.11,83.5,75.0,3418,48.6,8.136810863968105,4.250065451482176
417,83.0,9.0,100.0,60.37,83.5,67.0,2859,44.7,7.958227192672084,4.100492309372854
537,89.0,10.0,100.0,68.52,83.5,61.0,3168,48.6,8.060855753249973,4.227125688050198
104,82.0,4.0,53.7,9.93,28.6,29.0,1255,55.7,7.134890852362697,2.295560578762011
339,83.0,4.0,29.8,8.21,27.1,53.0,1804,54.9,7.497761701176893,2.1053530452670093
180,82.0,4.0,41.2,3.9,17.6,26.0,950,55.7,6.856461985647218,1.3609768095458243
56,82.0,4.0,36.9,4.38,20.4,0.0,818,54.9,6.706862337825241,1.477048952698831
169,82.0,4.0,48.2,10.4,29.0,30.0,1479,55.3,7.299121463386933,2.3418059023011684
377,92.0,7.0,100.0,44.5,83.5,49.0,2342,51.4,7.758760544584648,3.795489211644104
553,88.0,12.0,100.0,104.3,83.5,154.0,5013,48.6,8.519789817462986,4.647271371594455
605,87.0,13.0,100.0,26.24,32.9,101.0,5176,46.3,8.551787836373936,3.2672850021856434
586,88.0,14.0,39.2,3.52,17.3,22.0,887,36.1,6.787844983436975,1.2584612737008745
243,83.0,4.0,40.8,7.34,25.9,35.0,1213,56.5,7.100851909768452,1.993338978866197
74,84.0,4.0,36.5,4.04,18.4,29.0,963,58.4,6.870053412836548,1.3962449394977805
210,84.0,4.0,47.8,8.71,27.5,38.0,1268,57.6,7.145196135785815,2.1644719056749677
441,86.0,9.0,39.6,4.32,20.4,0.0,782,42.4,6.661854741824084,1.4632556337374738
193,83.0,4.0,40.4,4.31,20.4,0.0,786,55.7,6.666956793701472,1.4609381361341909
332,99.0,4.0,41.6,4.51,20.8,8.0,802,54.9,6.687108609113397,1.5062973752440525
56,82.0,4.0,92.5,14.61,32.2,32.0,1071,56.1,6.976348071381456,2.681706294208875
679,94.0,15.0,16.9,7.11,25.9,51.0,2831,40.0,7.948385285465132,1.961502384462116
525,85.0,11.0,100.0,90.17,83.5,132.0,4323,47.1,8.371704884898953,4.501696788601978
415,83.0,9.0,20.4,7.28,25.9,44.0,2473,46.7,7.813187267925783,1.9851309995712223
275,83.0,4.0,34.1,5.11,21.6,3.0,819,53.3,6.708084085074071,1.6311995999103102
405,85.0,9.0,38.0,4.42,20.0,13.0,872,42.4,6.770789425055769,1.4861399223339251
668,93.0,16.0,100.0,107.37,83.1,73.0,5315,43.5,8.578288290964196,4.676280822759632
45,82.0,4.0,19.2,3.73,20.8,39.0,1321,56.9,7.186144305279328,1.316408501752203
447,83.0,9.0,100.0,44.18,36.1,31.0,3832,43.1,8.251142139351712,3.7882722206266473
269,83.0,4.0,62.7,8.41,27.1,30.0,1065,55.3,6.970730079082493,2.129421592890914
509,85.0,9.0,33.7,3.86,19.6,3.0,819,40.0,6.708084085074071,1.3506674425440637
507,85.0,9.0,17.6,9.63,28.2,57.0,3648,46.7,8.201934351468346,2.264883329652189
64,83.0,4.0,16.1,3.31,20.8,25.0,1401,56.1,7.244941547050783,1.1969484915037296
156,83.0,4.0,18.0,3.27,20.0,27.0,1253,55.7,7.133295955694153,1.184790290719513
442,86.0,9.0,43.9,4.72,21.2,0.0,784,43.9,6.664409021625918,1.5518090114618484
420,83.0,9.0,18.8,8.69,27.1,58.0,2920,47.1,7.979338895604793,2.1621730543520927
543,90.0,10.0,100.0,94.15,56.5,91.0,4685,50.2,8.45212119488597,4.54488926572451
1,94.0,4.0,50.6,11.51,29.8,9.0,1559,56.1,7.351799869699214,2.443216309614761
583,88.0,13.0,19.2,13.78,30.6,85.0,4829,45.9,8.482394686080625,2.6232183381544503
288,84.0,4.0,22.4,3.48,18.4,18.0,1064,56.9,6.969790670841439,1.2470325811426637
3,91.0,4.0,55.7,7.25,25.9,11.0,863,56.9,6.760414692242176,1.9810016067976084
182,83.0,4.0,22.4,3.21,19.2,15.0,928,55.3,6.833031733863787,1.1662712486683555
380,84.0,7.0,18.4,4.51,21.6,42.0,1835,49.0,7.51479976103363,1.5062973752440525
113,83.0,4.0,47.8,9.8,28.2,42.0,1419,55.7,7.257707677864764,2.2823824877173373
516,86.0,10.0,100.0,59.16,83.5,61.0,2829,47.5,7.947678571655049,4.080245654745912
520,88.0,10.0,100.0,72.88,83.5,119.0,3664,47.1,8.206310726066947,4.288814266672889
675,95.0,15.0,100.0,66.3,83.5,103.0,3350,47.5,8.11671562511762,4.194189912274773
115,82.0,4.0,19.2,3.65,20.0,35.0,1244,55.7,7.126087274102983,1.2947274415669654
729,89.0,16.0,20.0,4.89,22.0,36.0,1830,35.7,7.512071246381915,1.5871925079857372
315,92.0,4.0,38.4,4.27,20.4,0.0,781,54.5,6.660575151120096,1.4516140614325432
692,96.0,15.0,35.7,4.03,20.0,0.0,796,40.0,6.679599187100664,1.3937666240975188
534,87.0,10.0,42.0,4.43,20.8,0.0,790,43.1,6.67203294672689,1.488399809790653
231,82.0,4.0,18.8,3.92,21.2,24.0,1421,55.3,7.25911612880083,1.3660919089043797
720,91.0,16.0,100.0,88.53,83.5,76.0,4160,42.4,8.333270353495694,4.483341488918564
270,83.0,4.0,54.1,7.87,26.7,29.0,1014,55.3,6.921658185137321,2.063058189494107
528,85.0,11.0,100.0,75.47,83.5,139.0,3777,47.1,8.236685322977218,4.323735239547075
545,90.0,10.0,100.0,87.64,83.5,98.0,4182,47.5,8.3385448802277,4.473237526137581
721,90.0,16.0,18.0,9.07,29.8,69.0,3373,41.2,8.123557835358122,2.204972374380622
622,97.0,14.0,100.0,53.28,41.2,103.0,3529,47.5,8.168769823958636,3.9755610450009033
554,88.0,12.0,100.0,102.06,63.9,154.0,5063,48.2,8.52971447216742,4.625560885433983
533,87.0,10.0,40.4,4.4,20.8,0.0,796,42.0,6.679599187100664,1.481604768196917
63,83.0,4.0,63.5,12.46,30.2,30.0,1342,55.7,7.201916318276783,2.5225235936161257
1,94.0,4.0,50.6,11.51,29.8,9.0,1559,56.1,7.351799869699214,2.443216309614761
529,85.0,10.0,20.8,2.85,18.0,3.0,1073,39.2,6.978213743562665,1.0473193451576908
731,89.0,16.0,100.0,65.85,83.5,79.0,3174,38.4,8.062747901401414,4.187379443375319
611,93.0,14.0,41.6,4.5,20.4,0.0,803,40.8,6.688354715192092,1.5040776189984717
342,82.0,4.0,72.5,16.57,32.2,55.0,1475,51.8,7.296413269451886,2.8075938917885
402,85.0,9.0,87.1,19.93,32.5,17.0,1851,43.1,7.523481313113746,2.992226184400317
587,88.0,12.0,100.0,104.3,83.5,154.0,5013,48.6,8.519789817462986,4.647271371594455
331,82.0,4.0,40.8,10.64,29.0,54.0,1793,52.9,7.4916454741628575,2.364620577898456
234,83.0,4.0,40.8,7.34,25.9,35.0,1213,56.5,7.100851909768452,1.993338978866197
568,85.0,11.0,18.0,12.41,31.8,130.0,3592,43.5,8.186464429700486,2.51850267979669
333,90.0,4.0,43.1,7.3,25.9,35.0,1169,54.9,7.0639039623275,1.9878744851406371
123,82.0,4.0,44.7,11.36,29.0,36.0,1760,55.3,7.473069088600379,2.4300985013211704
20,83.0,4.0,32.2,7.6,26.3,35.0,1628,55.7,7.395107547176736,2.028148378871224
29,81.0,4.0,23.5,3.46,18.8,24.0,924,55.3,6.828712072723936,1.241268878086932
693,89.0,17.0,100.0,107.45,83.1,107.0,5274,45.9,8.570544367102842,4.677025632395174
738,89.0,17.0,17.6,6.46,25.5,43.0,2438,34.9,7.798933310451389,1.86562947259326
499,84.0,9.0,23.1,12.6,30.2,84.0,4836,45.5,8.483843211941466,2.5336968933225084
235,83.0,4.0,83.1,12.97,31.0,28.0,1095,54.5,6.998509643163843,2.562639075429352
346,82.0,4.0,40.8,10.64,29.0,54.0,1793,52.9,7.4916454741628575,2.364620577898456
565,87.0,13.0,16.9,8.8,27.1,73.0,3463,38.0,8.14989054469119,2.174751835120518
75,84.0,4.0,18.0,4.01,21.2,27.0,1442,56.5,7.273786318538375,1.3887914906950054
473,85.0,9.0,34.5,73.5,77.6,97.0,4224,44.3,8.34853782562284,4.297285419824233
118,82.0,4.0,41.6,9.46,27.8,32.0,1543,55.3,7.341483853011249,2.2470724887720266
578,85.0,12.0,100.0,65.9,83.5,61.0,3148,38.8,8.054522609854956,4.188138456682968
545,85.0,12.0,100.0,65.9,83.5,61.0,3148,38.8,8.054522609854956,4.188138456682968
212,84.0,4.0,44.7,7.75,26.3,37.0,1219,56.9,7.105786130301616,2.0476929723975053
204,85.0,4.0,51.0,9.48,28.2,39.0,1296,57.3,7.167037877683825,2.249184421752157
87,85.0,4.0,51.4,8.4,27.1,34.0,1226,57.3,7.111512117311817,2.12823182489688
337,84.0,4.0,35.7,6.43,24.3,35.0,1222,54.1,7.108244140549871,1.8609746937705112
574,85.0,12.0,22.0,10.09,29.8,44.0,3369,36.9,8.122371243703377,2.3115449334735403
423,84.0,8.0,18.4,4.96,22.4,42.0,1850,49.0,7.522940918612911,1.6014059423497191
443,87.0,9.0,43.1,5.69,26.7,7.0,751,45.5,6.621405653095692,1.7387104238851487
270,83.0,4.0,40.0,5.64,23.1,29.0,972,54.9,6.879355805489245,1.7298842428149164
82,83.0,4.0,20.8,3.66,19.2,20.0,1109,56.1,7.011213988252081,1.2974634206372813
733,89.0,17.0,100.0,100.64,83.5,106.0,4793,43.9,8.474911799368268,4.611549802888537
698,99.0,15.0,100.0,71.46,83.5,61.0,3441,45.9,8.143517406088094,4.269137866589106
493,85.0,9.0,100.0,66.52,83.5,103.0,3228,49.8,8.07961802969963,4.1975026693578
348,82.0,4.0,35.7,7.47,24.7,49.0,1411,53.7,7.252053952561531,2.0108951330135256
139,83.0,4.0,24.7,4.02,19.6,22.0,803,57.3,6.688354715192092,1.3912821513871176
73,84.0,4.0,64.3,13.61,31.0,30.0,1477,58.4,7.297768283208428,2.6108048901387577
100,84.0,4.0,18.0,3.4,20.4,37.0,1309,56.5,7.177018766673842,1.2237757257397197
256,83.0,4.0,20.0,3.49,20.0,32.0,1179,55.3,7.072421901385548,1.2499020227472462
620,97.0,14.0,100.0,76.47,44.7,100.0,4622,47.5,8.438582791050683,4.336898520133158
656,98.0,15.0,43.5,20.06,32.9,34.0,2013,43.9,7.607381426136563,2.998727832384237
214,82.0,4.0,48.6,12.66,30.2,37.0,1734,56.9,7.458186157917188,2.5384474957049683
597,87.0,13.0,99.2,73.24,42.7,156.0,5288,45.1,8.57319538172063,4.293741733460051
392,87.0,7.0,71.4,19.53,32.9,68.0,1860,51.0,7.5283317672448815,2.9719517960918638
79,84.0,4.0,18.0,4.16,22.0,30.0,1570,56.9,7.358830898979296,1.4255153146577584
432,85.0,9.0,100.0,71.1,83.5,111.0,3575,50.6,8.181720455407829,4.264087350873893
539,90.0,10.0,100.0,81.0,83.5,91.0,3901,52.5,8.268988209763002,4.394449167018117
161,82.0,4.0,20.0,3.27,18.8,31.0,1067,55.3,6.97260625223896,1.184790290719513
613,94.0,14.0,36.5,3.83,20.0,0.0,812,38.4,6.699500341393205,1.3428650642891264
570,85.0,11.0,92.9,49.09,39.2,114.0,3453,43.9,8.146998697679596,3.893655368440709
258,83.0,4.0,32.9,4.72,21.6,29.0,983,54.9,6.89060912116446,1.5518090114618484
305,88.0,4.0,34.9,4.18,20.4,0.0,802,54.1,6.687108609113397,1.430311485771086
560,86.0,11.0,100.0,78.81,83.5,140.0,3806,46.7,8.244334048118837,4.367039905054304
653,95.0,14.0,100.0,40.15,36.9,39.0,2601,43.1,7.863651265833119,3.69262246529937
297,91.0,4.0,38.0,4.2,20.4,0.0,799,54.1,6.683360947017839,1.4350847633845325
192,83.0,4.0,37.3,4.26,20.4,0.0,779,55.7,6.658011047154445,1.4492693950230355
298,91.0,4.0,37.3,4.09,20.4,0.0,799,54.1,6.683360947017839,1.408545214553458
581,88.0,13.0,100.0,72.59,83.5,90.0,3564,43.5,8.178638788871284,4.284827185072752
737,90.0,17.0,16.9,11.05,29.4,43.0,4457,41.6,8.402231173170922,2.402430518461496
88,85.0,4.0,45.5,7.73,26.3,36.0,1155,56.9,7.051855623821695,2.0451089919654284
646,93.0,14.0,18.4,5.9,23.5,25.0,2255,44.7,7.720905252380238,1.7749525204031849
326,83.0,4.0,49.8,13.09,30.6,52.0,1626,54.1,7.393878290722762,2.5718486563159995
573,88.0,13.0,69.0,36.95,36.9,90.0,4822,42.4,8.480944058948499,3.60956567445781
198,85.0,4.0,51.0,8.21,26.7,33.0,1111,57.6,7.01301579053972,2.1053530452670093
425,83.0,9.0,100.0,44.18,36.1,31.0,3832,43.1,8.251142139351712,3.7882722206266473
591,88.0,12.0,65.5,49.57,38.8,150.0,5022,45.9,8.521583539916655,3.9033858322059753
609,88.0,13.0,39.6,23.84,35.3,77.0,3991,40.4,8.291797105299297,3.1713648841434567
168,82.0,4.0,21.2,3.58,19.2,32.0,1113,55.3,7.014814352174017,1.2753630797421789
576,88.0,13.0,16.9,9.15,27.8,66.0,3606,39.6,8.190354404040578,2.213753988577041
331,99.0,4.0,41.6,4.44,20.8,9.0,796,54.9,6.679599187100664,1.4906546016693334
57,82.0,4.0,37.3,4.07,20.4,0.0,814,54.5,6.701960367231042,1.4036432451547192
190,85.0,4.0,51.0,8.21,26.7,33.0,1111,57.6,7.01301579053972,2.1053530452670093
435,85.0,9.0,19.2,3.46,18.0,38.0,1259,43.5,7.138073034838628,1.241268878086932
268,83.0,4.0,32.9,4.72,21.6,29.0,983,54.9,6.89060912116446,1.5518090114618484
339,94.0,4.0,25.9,10.41,29.8,43.0,1668,53.7,7.419380583518213,2.3427669786883523
370,88.0,6.0,47.1,5.5,22.4,2.0,857,49.4,6.753437919764641,1.7047482740565905
248,83.0,4.0,37.3,4.58,22.7,25.0,816,54.9,6.704414356189597,1.5216992164666812
170,82.0,4.0,19.6,3.05,18.8,31.0,1040,55.3,6.946975993096957,1.115141918488119
710,93.0,16.0,44.3,15.7,31.0,82.0,4297,46.7,8.365672384007716,2.753660776048528
67,84.0,4.0,74.1,12.86,30.6,27.0,1187,56.5,7.0791843954521285,2.554121796569968
13,89.0,4.0,54.1,11.63,29.8,33.0,1464,59.6,7.288927695204317,2.453588052515092
690,89.0,16.0,100.0,65.85,83.5,79.0,3174,38.4,8.062747901401414,4.187379443375319
590,88.0,12.0,40.4,31.28,35.7,152.0,5143,47.1,8.545391845969355,3.442978947646419
589,88.0,14.0,17.6,8.9,27.1,58.0,3229,41.6,8.079927771067968,2.1860513890976385
80,84.0,4.0,18.0,4.01,21.2,27.0,1442,56.5,7.273786318538375,1.3887914906950054
652,95.0,14.0,61.6,19.98,32.5,28.0,3026,41.2,8.01499689467877,2.9947318232704565
718,91.0,16.0,17.6,4.38,20.8,64.0,1728,40.4,7.454719949942705,1.477048952698831
263,82.0,4.0,33.3,5.41,23.1,33.0,1102,54.9,7.004881990620301,1.6882492777012568
255,83.0,4.0,23.5,3.76,19.6,33.0,1124,54.9,7.0246490313433165,1.3244192233592145
282,84.0,4.0,63.1,8.83,27.5,26.0,982,55.3,6.889591309372796,2.178155127866145
671,91.0,16.0,18.4,13.97,30.6,59.0,5218,38.0,8.559869465888319,2.636912244850829
240,83.0,4.0,40.4,6.45,24.7,33.0,1127,56.5,7.027314514927088,1.864080285846429
747,93.0,17.0,38.0,4.22,19.6,17.0,830,34.5,6.721425701995463,1.4398353650147169
87,84.0,4.0,69.0,11.82,30.2,17.0,1183,58.0,7.075808864823696,2.469793096580317
544,84.0,12.0,76.1,13.96,31.0,33.0,1762,35.3,7.474204807063661,2.636196168967462
708,96.0,17.0,51.0,10.69,31.8,6.0,762,32.2,6.635946556998983,2.369308818582319
47,82.0,4.0,14.1,2.74,18.8,34.0,996,56.1,6.903747258588615,1.007958285363416
595,88.0,14.0,100.0,78.96,83.5,88.0,3848,42.7,8.255308812045472,4.368941407789866
110,82.0,4.0,40.4,8.37,26.7,31.0,1431,54.9,7.266128780255263,2.1246540039756896
601,86.0,13.0,100.0,61.34,83.5,55.0,2851,31.8,7.955425089263426,4.116432174988681
635,88.0,14.0,40.0,4.56,20.0,8.0,890,36.5,6.791221463849781,1.5173228428245162
575,88.0,13.0,39.6,23.84,35.3,77.0,3991,40.4,8.291797105299297,3.1713648841434567
252,82.0,4.0,36.1,5.24,23.1,33.0,1070,55.3,6.975413928390531,1.6563216891726271
229,83.0,4.0,69.8,10.47,29.0,31.0,1021,57.3,6.928537819144098,2.3485141203934248
486,88.0,9.0,100.0,71.21,83.5,106.0,3534,50.6,8.170185653162607,4.265633272037005
649,94.0,15.0,35.3,4.16,20.4,1.0,801,38.0,6.685860948316798,1.4255153146577584
318,90.0,4.0,43.1,7.3,25.9,35.0,1169,54.9,7.0639039623275,1.9878744851406371
572,85.0,11.0,17.6,3.51,19.2,20.0,1379,35.7,7.229113878518465,1.2556163223780188
368,88.0,7.0,25.1,22.18,33.7,60.0,2096,49.0,7.647786045918032,3.099191027007883
477,84.0,9.0,22.7,15.05,32.2,78.0,5523,42.7,8.616676470082249,2.711378057640065
80,84.0,4.0,62.7,16.79,32.2,9.0,1767,57.3,7.477038472885628,2.820783530648709
140,83.0,4.0,54.5,12.71,30.6,32.0,1604,58.0,7.380255789049901,2.542389163879566
580,85.0,12.0,100.0,91.68,83.5,99.0,4273,45.5,8.360071435878053,4.518304263873934
515,90.0,10.0,26.7,12.75,29.8,82.0,4354,48.6,8.378850242024166,2.5455313500358048
618,88.0,13.0,19.6,11.48,29.8,72.0,4021,42.7,8.299285907145968,2.4406064779994305
702,91.0,17.0,17.6,15.66,31.4,59.0,5786,41.6,8.663196485708912,2.7511097544196152
695,90.0,17.0,17.3,13.67,30.6,101.0,5365,44.3,8.587651655251193,2.615203723888745
41,82.0,4.0,48.6,8.62,25.9,31.0,1414,58.8,7.2541778471637315,2.154085200684876
92,85.0,4.0,64.3,11.01,29.4,36.0,1187,57.3,7.0791843954521285,2.398804041561106
341,82.0,4.0,100.0,21.97,36.1,54.0,1384,50.6,7.232733136900158,3.089677931913132
130,83.0,4.0,59.6,14.03,31.0,31.0,1537,57.3,7.337587744189214,2.641197965390204
744,92.0,17.0,18.0,10.9,29.4,18.0,4157,38.4,8.332548939493195,2.388762880978213
51,82.0,4.0,26.3,3.56,19.2,33.0,930,56.1,6.83518458722257,1.2697608257627762
566,85.0,11.0,100.0,72.43,83.5,135.0,3634,43.5,8.198089249231295,4.282620592013669
53,82.0,4.0,28.2,3.41,19.2,32.0,879,55.7,6.778784898822834,1.2267125845505145
474,84.0,9.0,23.1,12.6,30.2,84.0,4836,45.5,8.483843211941466,2.5336968933225084
557,85.0,11.0,100.0,93.44,83.5,138.0,4527,47.8,8.417814747656855,4.537319529781971
178,82.0,4.0,47.1,10.56,29.0,31.0,1518,55.7,7.325148958614337,2.357073372975081
12,89.0,4.0,57.3,10.11,28.6,28.0,1204,59.6,7.093404626699331,2.3135251319443437
492,86.0,10.0,52.9,11.38,32.2,38.0,1094,42.7,6.997595983896003,2.431857516571643
323,83.0,4.0,48.2,12.38,29.8,55.0,1912,54.9,7.555905094134359,2.5160823480318912
544,90.0,10.0,26.7,12.75,29.8,82.0,4354,48.6,8.378850242024166,2.5455313500358048
259,83.0,4.0,42.4,7.78,26.3,28.0,1277,54.9,7.152268856815625,2.0515564667249966
103,83.0,4.0,20.8,3.42,19.6,24.0,1160,55.7,7.056175284962479,1.229640843472132
669,93.0,16.0,44.3,15.7,31.0,82.0,4297,46.7,8.365672384007716,2.753660776048528
91,85.0,4.0,80.0,12.14,30.6,35.0,1083,56.9,6.987490247924352,2.496505868003672
424,85.0,9.0,87.1,19.93,32.5,17.0,1851,43.1,7.523481313113746,2.992226184400317
246,82.0,4.0,59.2,13.38,30.6,33.0,1528,56.1,7.331714970380916,2.5937611294384952
216,82.0,4.0,17.6,4.93,22.7,36.0,1849,56.5,7.522400231927958,1.5953391908943346
549,87.0,12.0,100.0,87.09,83.5,133.0,4209,48.2,8.344980369008157,4.466942078187023
280,85.0,4.0,42.4,4.64,21.2,0.0,808,54.9,6.694562059758719,1.534714581755382
480,85.0,9.0,18.0,7.78,26.3,64.0,2811,43.9,7.941295571262277,2.0515564667249966
53,82.0,4.0,92.5,14.61,32.2,32.0,1071,56.1,6.976348071381456,2.681706294208875
242,83.0,4.0,19.2,3.52,20.4,37.0,1284,56.5,7.157735485028723,1.2584612737008745
535,85.0,11.0,100.0,75.8,83.5,136.0,3720,43.9,8.22147894753601,4.328098305840938
479,88.0,9.0,36.1,3.79,20.0,0.0,807,39.2,6.693323669509106,1.332366282946543
8,89.0,4.0,61.2,12.41,30.2,20.0,1384,60.4,7.232733136900158,2.51850267979669
480,88.0,9.0,42.0,4.48,20.8,1.0,790,39.6,6.67203294672689,1.4996232696411549
102,83.0,4.0,18.0,3.5,20.4,24.0,1300,56.1,7.170119544218859,1.252763254209613
178,83.0,4.0,38.8,4.06,20.4,1.0,793,54.9,6.675823222895882,1.4011832199190295
75,84.0,4.0,26.3,3.16,18.8,26.0,899,57.6,6.801283035583968,1.150572344054467
504,86.0,10.0,43.9,4.65,20.8,0.0,795,39.6,6.678342115912193,1.5368674346530051
394,87.0,7.0,17.6,4.12,22.0,58.0,1586,50.2,7.36897040282531,1.4158534060798522
11,89.0,4.0,63.5,9.5,28.2,23.0,1040,60.0,6.946975993096957,2.2512919038696477
177,83.0,4.0,34.5,3.83,20.0,3.0,810,54.9,6.697034248901052,1.3428650642891264
431,85.0,9.0,78.0,40.44,38.0,105.0,3337,51.0,8.112827479051044,3.6998194188802622
385,83.0,8.0,27.1,4.94,23.1,37.0,1987,49.4,7.594381243055088,1.5973655336289605
188,83.0,4.0,36.9,4.34,20.4,0.0,805,54.9,6.690842278660799,1.4678745785270335
409,83.0,8.0,100.0,42.89,42.7,73.0,2399,49.8,7.782807263256535,3.758638721844247
484,85.0,9.0,42.0,4.54,21.2,2.0,787,39.2,6.668228249688052,1.5129272323175496
453,85.0,9.0,18.0,7.9,26.7,71.0,2902,49.0,7.973155433788723,2.0668628860552465
121,82.0,4.0,17.3,3.48,20.4,39.0,1380,55.7,7.229838778875888,1.2470325811426637
172,82.0,4.0,23.1,3.55,19.2,32.0,1086,54.9,6.990256501414692,1.2669478851774256
695,97.0,15.0,41.2,4.56,20.8,10.0,780,41.2,6.6592939209656885,1.5173228428245162
696,90.0,17.0,16.9,11.05,29.4,43.0,4457,41.6,8.402231173170922,2.402430518461496
428,83.0,9.0,100.0,61.2,83.5,72.0,2868,45.5,7.961370202068186,4.114147205858149
224,82.0,4.0,38.8,4.23,20.4,10.0,801,52.5,6.685860948316798,1.4422022294647785
112,82.0,4.0,41.2,7.24,25.9,34.0,1074,55.3,6.979145275999909,1.9796213445191624
142,83.0,4.0,36.9,4.15,20.4,0.0,798,55.3,6.682108598702942,1.4231085752064334
283,85.0,4.0,38.4,4.35,20.4,2.0,797,54.5,6.68085468004492,1.4701760749856236
315,99.0,4.0,42.0,4.64,21.6,9.0,783,54.9,6.663132697267942,1.534714581755382
85,83.0,4.0,38.0,4.4,20.4,0.0,782,56.1,6.661854741824084,1.481604768196917
224,82.0,4.0,17.6,4.93,22.7,36.0,1849,56.5,7.522400231927958,1.5953391908943346
219,82.0,4.0,26.3,6.23,24.3,32.0,1578,55.7,7.363913502039533,1.8293764933129928
298,85.0,4.0,30.6,4.36,20.8,5.0,726,54.5,6.587550016202207,1.472472286718715
203,85.0,4.0,49.8,9.31,27.8,39.0,1256,57.3,7.135687347824322,2.231089198700356
17,84.0,4.0,30.2,7.09,25.5,32.0,1579,56.1,7.364547014888954,1.9586854815877497
380,91.0,7.0,100.0,39.9,43.5,73.0,2237,52.5,7.712890961937156,3.686376348958474
500,86.0,10.0,17.6,7.63,25.9,66.0,2840,46.7,7.951559331507364,2.032087976357956
319,89.0,4.0,40.8,6.76,25.1,36.0,1167,54.9,7.062191633143454,1.911023037983856
347,82.0,4.0,52.2,14.05,31.0,53.0,1838,53.7,7.516433303459702,2.6426224669541294
607,91.0,14.0,100.0,97.07,83.5,65.0,4562,46.7,8.425516403063536,4.575432378025979
47,82.0,4.0,19.2,3.54,20.4,39.0,1245,57.3,7.1268908097020205,1.264127009631519
18,84.0,4.0,31.8,7.1,25.5,32.0,1572,56.1,7.360103973625284,1.9600949248923305
537,85.0,11.0,100.0,70.75,83.5,132.0,3571,43.5,8.180600947874481,4.259152550657623
131,83.0,4.0,62.4,14.13,31.0,31.0,1563,57.6,7.354362331061272,2.648300267467842
448,88.0,9.0,100.0,71.73,83.5,79.0,4343,52.9,8.376320632765077,4.272909084079512
176,82.0,4.0,45.1,9.82,28.2,30.0,1484,55.3,7.3024964244011805,2.284421224199363
35,81.0,4.0,19.6,2.77,18.4,31.0,1021,55.3,6.928537819144098,1.0188476812100125
111,82.0,4.0,18.8,2.94,18.8,37.0,1025,56.1,6.932447892548119,1.0784099214865868
508,85.0,9.0,18.4,6.44,24.7,22.0,2377,43.1,7.773594467780892,1.8625286953957532
626,96.0,14.0,100.0,76.29,83.5,113.0,3738,45.9,8.22630598828303,4.334541881210016
607,88.0,13.0,69.0,36.95,36.9,90.0,4822,42.4,8.480944058948499,3.60956567445781
358,82.0,4.0,100.0,21.97,36.1,54.0,1384,50.6,7.232733136900158,3.089677931913132
430,84.0,9.0,100.0,61.86,83.5,90.0,2980,49.0,7.99967857983502,4.1248737834224585
171,82.0,4.0,21.6,3.16,18.8,33.0,1058,54.9,6.964135613363425,1.150572344054467
309,90.0,4.0,37.6,4.18,20.4,0.0,806,54.1,6.692083743747324,1.430311485771086
404,83.0,8.0,23.1,5.23,23.5,59.0,2035,49.4,7.618251098368096,1.6544114692814025
134,83.0,4.0,54.1,12.83,30.2,33.0,1611,58.0,7.384610383797707,2.551786256569865
518,86.0,10.0,52.9,11.38,32.2,38.0,1094,42.7,6.997595983896003,2.431857516571643
296,91.0,4.0,38.4,4.31,20.4,0.0,800,54.1,6.684611728917927,1.4609381361341909
378,92.0,7.0,20.4,7.08,25.5,55.0,2278,51.4,7.731053144446109,1.9572740489485565
581,86.0,12.0,100.0,105.08,83.5,112.0,5045,47.8,8.526152932985925,4.6547219743338974
681,90.0,16.0,18.0,8.71,27.1,59.0,3263,40.8,8.090402296899788,2.1644719056749677
249,83.0,4.0,40.4,6.72,25.1,34.0,1153,56.5,7.050122521136362,1.905088303344571
426,85.0,9.0,42.4,4.68,21.2,23.0,768,42.7,6.643789734449755,1.5432983236047462
397,83.0,8.0,100.0,40.67,83.5,52.0,2201,48.6,7.6966670819808,3.705490744507281
265,82.0,4.0,62.7,9.83,28.6,12.0,851,52.5,6.746412129748462,2.2854390358884697
397,85.0,7.0,49.8,10.76,28.6,52.0,1702,50.6,7.439559309720863,2.3758356476704368
185,83.0,4.0,34.5,3.83,20.0,3.0,810,54.9,6.697034248901052,1.3428650642891264
724,90.0,16.0,18.0,10.43,29.0,71.0,3798,39.2,8.242229891635528,2.3446863648899536
51,82.0,4.0,27.1,3.5,19.2,32.0,889,55.7,6.790097236638764,1.252763254209613
307,89.0,4.0,39.6,4.42,20.8,0.0,784,54.1,6.664409021625918,1.4861399223339251
260,83.0,4.0,40.4,8.3,26.7,32.0,1422,55.3,7.259819611066421,2.116255635284473
70,84.0,4.0,36.5,4.04,18.4,29.0,963,58.4,6.870053412836548,1.3962449394977805
347,83.0,3.0,17.6,5.25,26.3,62.0,1820,51.0,7.506591780620291,1.6582282670797048
597,89.0,14.0,16.9,6.89,25.5,73.0,2687,43.5,7.896180608987653,1.9300712301634375
160,82.0,4.0,21.2,3.58,19.2,32.0,1113,55.3,7.014814352174017,1.2753630797421789
682,90.0,16.0,100.0,60.74,46.3,75.0,3283,39.6,8.096512917806193,4.106602476081218
376,91.0,7.0,100.0,25.54,61.2,44.0,1473,49.4,7.295056417141517,3.2402458897586603
390,88.0,7.0,91.4,30.76,36.9,67.0,2267,50.2,7.72621265094864,3.426215177147196
620,88.0,14.0,39.2,3.52,17.3,22.0,887,36.1,6.787844983436975,1.2584612737008745
699,100.0,15.0,17.6,9.43,27.8,56.0,3466,48.6,8.150756470564069,2.243896202689899
49,82.0,4.0,19.2,3.54,20.4,33.0,1260,56.5,7.138867000739174,1.264127009631519
215,84.0,4.0,20.0,3.43,20.0,36.0,1209,56.5,7.097548851441923,1.2325605527229957
222,82.0,4.0,48.6,12.66,30.2,37.0,1734,56.9,7.458186157917188,2.5384474957049683
335,89.0,4.0,39.6,6.79,25.1,36.0,1188,54.9,7.080026500764341,1.915451088845999
705,97.0,15.0,19.2,6.81,25.1,45.0,2347,41.2,7.7608931962771,1.9183922670042883
358,91.0,7.0,20.8,3.14,18.4,27.0,1091,48.2,6.994849986749661,1.1442231183914489
44,82.0,4.0,19.2,3.54,20.4,39.0,1245,57.3,7.1268908097020205,1.264127009631519
336,91.0,4.0,48.2,6.94,25.5,20.0,1030,53.3,6.937314082194555,1.937301918610922
594,88.0,14.0,35.3,14.0,30.6,75.0,5205,39.6,8.557374981241193,2.6390574010438272
403,83.0,8.0,88.2,24.97,35.3,61.0,1953,48.2,7.577121931388712,3.2176751443397387
688,89.0,16.0,20.0,4.89,22.0,36.0,1830,35.7,7.512071246381915,1.5871925079857372
264,82.0,4.0,31.4,5.17,22.7,33.0,1124,54.9,7.0246490313433165,1.642872881943917
421,83.0,9.0,100.0,65.34,83.5,82.0,3076,45.9,8.031385330950632,4.179604421477484
494,86.0,10.0,100.0,83.49,83.5,87.0,3992,48.2,8.292047637681856,4.424726876183391
541,91.0,10.0,18.0,13.56,30.6,99.0,5039,53.7,8.52496292887905,2.6071243562585598
691,89.0,17.0,100.0,85.52,83.5,94.0,4066,41.2,8.310414994434234,4.44875027840996
693,96.0,15.0,37.6,4.13,20.4,0.0,789,40.4,6.670766322113302,1.4182776491036626
550,88.0,12.0,100.0,94.74,83.5,142.0,4485,48.6,8.408493774715861,4.551136308050809
356,94.0,4.0,25.9,10.41,29.8,43.0,1668,53.7,7.419380583518213,2.3427669786883523
576,84.0,12.0,19.6,7.28,25.9,20.0,2579,36.9,7.855157006269092,1.9851309995712223
416,83.0,9.0,93.7,64.22,53.3,57.0,2518,42.7,7.831220215001433,4.16231470423284
337,94.0,4.0,36.1,4.24,20.0,11.0,792,52.2,6.674561393077052,1.444563505092895
402,84.0,8.0,20.8,6.47,27.5,57.0,2262,47.5,7.724004657118153,1.8671762630723023
386,88.0,7.0,100.0,43.1,53.3,41.0,1912,44.7,7.555905094134359,3.763523020311558
391,87.0,7.0,82.4,21.92,34.1,68.0,1847,50.6,7.521317980740658,3.087399507700252
257,83.0,4.0,27.5,3.89,19.6,29.0,1035,54.9,6.942156706665653,1.3584094146997308
393,84.0,8.0,83.1,24.68,34.9,77.0,2016,51.4,7.608870629687291,3.205993239555825
523,86.0,11.0,100.0,79.82,83.5,122.0,3858,44.7,8.257904193724876,4.379774112148776
254,83.0,4.0,18.8,3.37,20.0,37.0,1214,55.3,7.101675972443167,1.2149130411001314
228,83.0,4.0,69.0,10.39,29.0,31.0,1059,57.3,6.965080346545694,2.340843901357522
136,82.0,4.0,55.7,13.38,30.6,34.0,1649,56.9,7.407924323166027,2.5937611294384952
478,84.0,9.0,18.4,10.1,28.2,56.0,3620,44.3,8.19422930509606,2.3125355228571096
36,81.0,4.0,76.9,17.29,32.5,30.0,1484,57.6,7.3024964244011805,2.850128357532097
704,98.0,15.0,26.3,6.92,25.1,48.0,2448,42.4,7.803026644040713,1.9344159141382384
385,89.0,7.0,37.3,4.18,20.0,24.0,811,43.9,6.698268055348459,1.430311485771086
104,82.0,4.0,18.8,2.94,18.8,37.0,1025,56.1,6.932447892548119,1.0784099214865868
266,83.0,4.0,22.7,3.42,19.2,31.0,1070,54.9,6.975413928390531,1.229640843472132
382,84.0,8.0,20.8,6.47,27.5,57.0,2262,47.5,7.724004657118153,1.8671762630723023
644,93.0,15.0,64.7,26.48,34.9,38.0,3009,38.8,8.009363076962382,3.276389768833157
521,87.0,10.0,18.4,9.39,28.2,98.0,3492,45.1,8.158229917245862,2.2396453997164385
450,83.0,9.0,100.0,61.2,83.5,72.0,2868,45.5,7.961370202068186,4.114147205858149
116,83.0,4.0,19.2,4.03,21.6,29.0,1540,55.3,7.339537696057025,1.3937666240975188
501,86.0,10.0,17.6,2.95,19.2,21.0,1339,43.1,7.199678346437999,1.081805509334722
52,82.0,4.0,28.6,3.0,19.6,31.0,796,55.7,6.679599187100664,1.0986126220013874
271,83.0,4.0,30.6,1.98,17.3,27.0,969,54.9,6.876264612922758,0.6830973497568213
563,87.0,13.0,99.2,73.24,42.7,156.0,5288,45.1,8.57319538172063,4.293741733460051
95,83.0,4.0,18.0,3.5,20.4,24.0,1300,56.1,7.170119544218859,1.252763254209613
572,88.0,13.0,100.0,104.11,83.5,116.0,5196,45.5,8.555644377982945,4.645448042091886
54,82.0,4.0,18.0,3.84,21.6,25.0,1514,56.5,7.322510434657896,1.3454726270162682
267,83.0,4.0,27.5,3.89,19.6,29.0,1035,54.9,6.942156706665653,1.3584094146997308
247,83.0,4.0,58.0,14.29,31.0,36.0,1687,56.5,7.430707083138737,2.65956006192078
61,83.0,4.0,18.8,4.02,22.0,16.0,1062,54.9,6.967909202743504,1.3912821513871176
173,82.0,4.0,22.4,3.29,19.2,31.0,1081,54.9,6.985641818564278,1.1908878687286022
462,86.0,9.0,17.6,6.39,24.7,57.0,2360,47.5,7.766416898443384,1.854734424883954
6,89.0,4.0,49.4,16.1,31.8,12.0,2106,60.0,7.652545693168754,2.778819334102217
679,91.0,16.0,100.0,88.53,83.5,76.0,4160,42.4,8.333270353495694,4.483341488918564
712,91.0,16.0,18.4,13.97,30.6,59.0,5218,38.0,8.559869465888319,2.636912244850829
536,85.0,11.0,18.0,12.41,31.8,130.0,3592,43.5,8.186464429700486,2.51850267979669
603,89.0,14.0,40.4,4.27,20.4,0.0,791,39.6,6.673297969031877,1.4516140614325432
541,85.0,11.0,100.0,33.61,40.8,40.0,1835,32.9,7.51479976103363,3.514823671490064
598,87.0,13.0,17.6,12.77,30.2,119.0,5041,43.5,8.525359754281004,2.547098748352981
390,83.0,8.0,100.0,35.89,42.0,77.0,2035,50.2,7.618251098368096,3.58045873302243
468,86.0,9.0,100.0,89.18,83.1,96.0,4237,48.2,8.351610750862575,4.490656810412607
624,88.0,14.0,18.4,7.47,25.9,49.0,2717,40.4,7.9072836097944,2.0108951330135256
612,88.0,13.0,35.3,5.5,23.1,25.0,786,34.1,6.666956793701472,1.7047482740565905
69,84.0,4.0,64.3,13.61,31.0,30.0,1477,58.4,7.297768283208428,2.6108048901387577
412,84.0,8.0,87.8,24.52,34.5,73.0,2067,51.4,7.633853560165561,3.199489151851044
163,83.0,4.0,18.0,3.27,20.0,27.0,1253,55.7,7.133295955694153,1.184790290719513
517,86.0,10.0,16.9,4.13,21.2,26.0,889,44.3,6.790097236638764,1.4182776491036626
138,83.0,4.0,62.4,14.13,31.0,31.0,1563,57.6,7.354362331061272,2.648300267467842
60,83.0,4.0,40.8,4.66,21.2,12.0,797,54.5,6.68085468004492,1.5390156627298062
460,86.0,9.0,72.5,58.55,42.0,85.0,3978,50.2,8.2885344596653,4.0698811071231455
22,82.0,4.0,20.0,3.26,19.2,37.0,1204,55.7,7.093404626699331,1.1817275021270357
548,88.0,10.0,18.0,10.36,29.0,109.0,3824,47.8,8.249052274432799,2.3379523333564287
736,90.0,17.0,17.3,13.67,30.6,101.0,5365,44.3,8.587651655251193,2.615203723888745
150,83.0,4.0,23.9,3.5,19.2,24.0,1237,55.3,7.120444373200895,1.252763254209613
636,88.0,14.0,37.6,4.19,20.0,0.0,804,36.1,6.689599270422748,1.4327009725975024
272,84.0,4.0,62.7,10.65,29.4,26.0,1308,55.3,7.176254532781671,2.3655599860521432
48,82.0,4.0,26.3,3.56,19.2,33.0,930,56.1,6.83518458722257,1.2697608257627762
511,86.0,9.0,63.1,13.3,30.6,22.0,1737,40.0,7.45991476681681,2.5877641104156752
207,84.0,4.0,20.0,3.43,20.0,36.0,1209,56.5,7.097548851441923,1.2325605527229957
117,82.0,4.0,32.9,8.54,27.5,36.0,1751,55.7,7.467942332856954,2.1447611248964904
642,91.0,14.0,100.0,102.88,83.5,48.0,4728,43.9,8.46125755929744,4.633563270209371
449,83.0,9.0,100.0,60.42,83.5,54.0,2756,42.0,7.9215356324963935,4.101320192509337
653,97.0,15.0,35.7,3.96,20.0,0.0,799,40.8,6.683360947017839,1.3762442777916095
355,89.0,6.0,75.7,8.24,28.2,18.0,845,49.8,6.739336628540606,2.1090004652805963
280,83.0,4.0,62.7,8.41,27.1,30.0,1065,55.3,6.970730079082493,2.129421592890914
43,82.0,4.0,22.7,3.58,19.6,37.0,1156,58.0,7.052721050097375,1.2753630797421789
506,85.0,9.0,100.0,64.56,52.2,76.0,3322,45.1,8.108322290474264,4.16759503945116
304,88.0,4.0,41.6,4.48,20.8,0.0,789,54.1,6.670766322113302,1.4996232696411549
606,91.0,14.0,100.0,102.88,83.5,48.0,4728,43.9,8.46125755929744,4.633563270209371
143,83.0,4.0,23.9,3.5,19.2,24.0,1237,55.3,7.120444373200895,1.252763254209613
345,83.0,3.0,27.8,5.41,23.1,60.0,2028,52.2,7.61480536520417,1.6882492777012568
752,96.0,17.0,34.9,3.55,19.2,0.0,795,32.2,6.678342115912193,1.2669478851774256
456,85.0,9.0,100.0,39.75,36.9,42.0,2629,45.1,7.874358825110254,3.682609866257573
475,88.0,9.0,16.9,8.62,27.1,43.0,3313,46.7,8.105609402601736,2.154085200684876
509,89.0,10.0,18.4,60.45,76.1,75.0,4308,51.0,8.368229038508405,4.101816593603399
227,82.0,4.0,26.3,6.23,24.3,32.0,1578,55.7,7.363913502039533,1.8293764933129928
740,90.0,17.0,17.6,13.92,30.6,54.0,5264,40.8,8.568646473195123,2.6333267267453517
690,95.0,15.0,34.5,4.02,20.0,0.0,804,38.4,6.689599270422748,1.3912821513871176
46,82.0,4.0,22.7,3.58,19.6,37.0,1156,58.0,7.052721050097375,1.2753630797421789
728,89.0,16.0,31.8,64.29,45.9,58.0,4355,40.8,8.379079889516225,4.163404113708114
332,82.0,4.0,52.2,14.05,31.0,53.0,1838,53.7,7.516433303459702,2.6426224669541294
542,84.0,12.0,67.8,26.37,34.1,36.0,3621,38.4,8.194505510041807,3.272227038287076
685,89.0,16.0,100.0,66.32,83.5,78.0,3161,35.3,8.058643712531973,4.194491525905447
15,85.0,4.0,38.0,8.33,26.7,31.0,1486,56.5,7.3038432259506525,2.1198635762267632
515,86.0,10.0,76.1,20.85,33.3,53.0,2375,46.3,7.772752716889794,3.03735399620644
6,89.0,4.0,49.4,16.1,31.8,12.0,2106,60.0,7.652545693168754,2.778819334102217
455,88.0,9.0,36.1,3.79,20.0,0.0,807,39.2,6.693323669509106,1.332366282946543
218,82.0,4.0,27.1,5.93,24.3,32.0,1523,55.7,7.32843735355176,1.7800243816436838
234,82.0,4.0,58.8,11.41,29.8,16.0,1316,53.7,7.182352112645141,2.4344902515163995
727,89.0,16.0,100.0,84.35,83.5,90.0,4043,39.2,8.304742269888111,4.434974820847342
353,94.0,4.0,36.1,4.24,20.0,11.0,792,52.2,6.674561393077052,1.444563505092895
642,94.0,15.0,18.0,5.45,23.1,28.0,2078,38.0,7.639161172140405,1.6956157921613744
54,82.0,4.0,27.1,3.5,19.2,32.0,889,55.7,6.790097236638764,1.252763254209613
144,83.0,4.0,37.6,4.08,20.4,13.0,789,54.9,6.670766322113302,1.4060972335140796
406,85.0,9.0,45.5,5.16,23.5,9.0,726,42.0,6.587550016202207,1.6409367732919022
623,97.0,14.0,16.9,9.25,30.6,103.0,3308,45.9,8.104099056445879,2.224623659632436
345,82.0,4.0,18.0,4.56,22.0,53.0,1697,53.3,7.436617265823502,1.5173228428245162
361,83.0,3.0,61.2,17.98,32.2,61.0,2058,52.2,7.629489916879903,2.889260084660825
413,84.0,9.0,96.1,51.38,83.5,61.0,1801,42.4,7.4960973457312035,3.9392490111445633
654,96.0,14.0,36.9,21.73,33.7,50.0,3314,43.5,8.105911198288258,3.0786938402876656
609,92.0,14.0,17.3,9.14,27.5,53.0,3477,48.2,8.153925132295466,2.212660494875243
308,95.0,4.0,18.4,3.4,20.0,13.0,1271,54.9,7.147559271976236,1.2237757257397197
0,95.0,4.0,42.0,4.73,21.6,0.0,807,56.1,6.693323669509106,1.5539254139203098
165,83.0,4.0,15.3,4.0,22.0,33.0,1570,55.7,7.358830898979296,1.3862946111198593
76,83.0,4.0,19.6,3.61,20.4,23.0,1282,56.1,7.156176638260646,1.2837080493530617
631,89.0,14.0,47.1,16.89,29.4,82.0,2764,45.1,7.924434185249355,2.826721790026338
271,84.0,4.0,63.1,8.83,27.5,26.0,982,55.3,6.889591309372796,2.178155127866145
477,87.0,9.0,43.1,4.46,21.2,0.0,786,39.2,6.666956793701472,1.4951489902471942
647,93.0,15.0,18.8,5.33,23.1,23.0,1978,41.2,7.589841512688219,1.6733514257949964
120,83.0,4.0,41.6,6.97,25.5,36.0,1174,55.7,7.068172001239831,1.9416153682444448
251,83.0,4.0,40.4,6.42,24.3,32.0,1103,56.1,7.005789020160121,1.8594182734650972
559,88.0,12.0,100.0,95.28,53.3,148.0,4834,43.5,8.483429561470297,4.556819935542427
526,85.0,11.0,100.0,94.96,83.5,136.0,4419,47.5,8.393668705357035,4.553455760832162
329,97.0,4.0,36.9,4.38,20.4,0.0,806,54.1,6.692083743747324,1.477048952698831
416,83.0,8.0,17.6,3.23,18.8,33.0,1323,49.4,7.187657164870814,1.1724824468320405
523,86.0,10.0,18.8,15.44,33.3,74.0,3460,45.1,8.149023868340787,2.736961609363467
40,82.0,4.0,74.1,10.73,29.8,27.0,980,58.8,6.887552572685026,2.373043649839248
749,95.0,17.0,34.9,4.04,19.6,14.0,815,33.3,6.7031881144678565,1.3962449394977805
55,82.0,4.0,28.6,3.0,19.6,31.0,796,55.7,6.679599187100664,1.0986126220013874
514,90.0,10.0,100.0,94.15,56.5,91.0,4685,50.2,8.45212119488597,4.54488926572451
608,88.0,13.0,18.0,10.02,28.6,82.0,3804,39.6,8.243808423928161,2.3045831954571128
330,99.0,4.0,42.0,4.64,21.6,9.0,783,54.9,6.663132697267942,1.534714581755382
120,83.0,4.0,47.8,9.8,28.2,42.0,1419,55.7,7.257707677864764,2.2823824877173373
427,85.0,9.0,38.0,4.42,20.0,13.0,872,42.4,6.770789425055769,1.4861399223339251
619,88.0,14.0,20.4,4.33,21.2,29.0,1634,38.0,7.398786276031943,1.4655677729612542
78,84.0,4.0,33.7,7.63,25.9,33.0,1536,56.9,7.33693691435866,2.032087976357956
418,83.0,9.0,100.0,69.18,83.5,69.0,3378,47.5,8.125039097663779,4.236711817964068
687,89.0,16.0,31.8,64.29,45.9,58.0,4355,40.8,8.379079889516225,4.163404113708114
128,82.0,4.0,40.8,7.31,25.9,37.0,1238,55.7,7.121252454052296,1.9892434105605836
558,88.0,12.0,100.0,102.76,83.5,146.0,4990,45.1,8.515191188945964,4.632396181973096
186,83.0,4.0,38.8,4.06,20.4,1.0,793,54.9,6.675823222895882,1.4011832199190295
325,96.0,4.0,42.7,4.73,21.2,1.0,813,54.1,6.700731110777823,1.5539254139203098
399,85.0,7.0,17.3,6.07,24.3,69.0,2346,51.0,7.7604670296396785,1.8033587698160392
154,83.0,4.0,19.2,3.7,19.6,18.0,1209,56.9,7.097548851441923,1.3083330899204126
319,94.0,4.0,36.9,4.14,20.4,0.0,802,54.5,6.687108609113397,1.4206960293830877
274,83.0,4.0,21.2,2.88,18.8,13.0,1003,54.1,6.910750788958945,1.0577906413700164
22,82.0,4.0,20.0,3.26,19.2,37.0,1204,55.7,7.093404626699331,1.1817275021270357
253,83.0,4.0,22.7,3.71,19.2,36.0,1140,55.3,7.038783542265734,1.3110321461610863
601,89.0,14.0,36.9,4.12,20.0,0.0,805,37.3,6.690842278660799,1.4158534060798522
221,82.0,4.0,26.3,6.48,25.1,33.0,1650,55.3,7.408530567500687,1.868720664685159
373,87.0,7.0,17.6,4.73,22.4,60.0,1825,51.0,7.509335266564537,1.5539254139203098
682,93.0,15.0,64.7,26.48,34.9,38.0,3009,38.8,8.009363076962382,3.276389768833157
351,82.0,4.0,20.4,3.57,19.6,41.0,1190,52.5,7.081708586945911,1.2725658759035532
598,88.0,14.0,17.6,6.56,25.1,27.0,2471,39.2,7.812378206393304,1.8809907553950105
434,85.0,9.0,100.0,39.75,36.9,42.0,2629,45.1,7.874358825110254,3.682609866257573
61,82.0,4.0,37.3,4.1,20.4,0.0,792,54.5,6.674561393077052,1.4109872176126714
110,82.0,4.0,45.5,7.05,25.9,38.0,1096,56.1,6.99942246842037,1.9530277586681388
109,83.0,4.0,19.2,4.03,21.6,29.0,1540,55.3,7.339537696057025,1.3937666240975188
73,84.0,4.0,36.9,7.09,25.5,30.0,1348,57.3,7.206377292214092,1.9586854815877497
554,85.0,11.0,100.0,85.45,83.5,129.0,4122,45.9,8.324093761693005,4.44793142126435
64,83.0,4.0,18.8,4.02,22.0,16.0,1062,54.9,6.967909202743504,1.3912821513871176
595,87.0,12.0,100.0,106.47,83.5,156.0,5113,44.7,8.53954159527558,4.667863264718831
661,97.0,14.0,16.5,12.48,32.2,101.0,3347,45.1,8.115819701510102,2.524127443069484
348,83.0,3.0,20.0,5.94,23.9,54.0,2058,51.4,7.629489916879903,1.781709301724708
146,83.0,4.0,63.9,10.38,29.0,26.0,1109,54.9,7.011213988252081,2.339880974076852
49,82.0,4.0,26.3,3.37,19.2,32.0,901,55.7,6.803505258718216,1.2149130411001314
612,94.0,14.0,43.1,4.41,20.8,0.0,791,38.8,6.673297969031877,1.483874916216099
697,89.0,17.0,17.6,6.46,25.5,43.0,2438,34.9,7.798933310451389,1.86562947259326
274,84.0,4.0,60.0,11.89,29.8,28.0,1361,56.9,7.21597500338622,2.475697794806976
456,88.0,9.0,42.0,4.48,20.8,1.0,790,39.6,6.67203294672689,1.4996232696411549
437,83.0,9.0,20.4,7.28,25.9,44.0,2473,46.7,7.813187267925783,1.9851309995712223
297,85.0,4.0,38.4,4.35,20.4,2.0,797,54.5,6.68085468004492,1.4701760749856236
258,83.0,4.0,37.3,4.58,22.7,25.0,816,54.9,6.704414356189597,1.5216992164666812
263,83.0,4.0,21.2,2.88,18.8,13.0,1003,54.1,6.910750788958945,1.0577906413700164
706,96.0,15.0,23.5,6.4,25.1,27.0,2231,41.2,7.710205194880762,1.856298146615614
327,96.0,4.0,36.5,4.61,21.2,0.0,797,54.1,6.68085468004492,1.5282280739282734
66,83.0,4.0,18.8,3.51,20.0,26.0,1227,55.3,7.112327445525907,1.2556163223780188
157,83.0,4.0,32.5,6.82,25.1,31.0,1373,55.7,7.224753406496303,1.919859618482926
582,87.0,12.0,18.8,49.67,33.7,125.0,5657,49.0,8.640648995519928,3.905401149252136
